target,motif,PuzzleId,FEN,Moves,Rating,Popularity,NbPlays,Themes
fork,fork,000Pw,6k1/5p1p/4p3/4q3/3nN3/2Q3P1/PP3P1P/6K1 w - - 2 37,e4d2 d4e2 g1f1 e2c3,1547,76,92,629,crushing endgame fork short,https://lichess.org/au2lCK5o#73,,
fork,fork,1Yrgx,5rk1/1p3pp1/3p4/3P1qnQ/P1Bb4/1P5P/2PB1PP1/4R1K1 w - - 3 31,d2g5 f5f2 g1h2 f2e1,1996,76,96,1371,crushing fork middlegame short,https://lichess.org/Fougc5zl#61,,
fork,fork,3502J,2k4r/pp3ppp/4pn2/1b6/P2qP3/1Q6/1P3KPP/R1B1R3 w - - 0 17,b3e3 f6g4 f2g1 g4e3,1128,76,93,1126,advantage fork middlegame short,https://lichess.org/hg02KtA4#33,French_Defense French_Defense_Two_Knights_Variation,
fork,fork,4gX5Z,r1b1qrk1/1ppnppbp/p2p2p1/3N2N1/2PP4/4Q3/PP2BPPP/R3K2R b KQ - 0 11,e7e6 d5c7 e8d8 c7a8,1459,78,95,23718,advantage fork middlegame short,https://lichess.org/ObCQXMIO/black#22,Kings_Indian_Defense Kings_Indian_Defense_Averbakh_Variation,
fork,fork,6FPZp,r1r1b1k1/pRR3pp/5b2/P2P4/4PP2/7P/4B1P1/6K1 w - - 1 30,b7a7 f6d4 g1h2 d4a7,1129,77,97,6089,crushing fork middlegame short,https://lichess.org/wAMwcHsy#59,,
fork,fork,7omcs,r2qkb1r/pp3ppp/2n5/1B1pP3/6b1/2n2N2/PPPP2PP/R1BQ1RK1 w kq - 0 10,d2c3 d8b6 g1h1 b6b5,1556,75,98,4139,advantage fork opening short,https://lichess.org/v30ubS7P#19,Vienna_Game Vienna_Game_Stanley_Variation,
fork,fork,9Mq2t,5r2/1pB3k1/q2p1b1p/6p1/1P6/3nN3/P2Q1P2/2RK1R2 w - - 14 42,c1c4 d3b2 d1e1 b2c4,1816,76,95,980,advantage fork middlegame short,https://lichess.org/N6dscOxi#83,,
fork,fork,AvNh2,r4bnr/pp3Q2/3kpp2/2Bq2N1/2pn4/8/PP3PPP/RN2K2R b KQ - 0 15,d5c5 g5e4 d6c6 e4c5,1290,74,96,14334,advantage fork opening short,https://lichess.org/505r5lBK/black#30,Scandinavian_Defense Scandinavian_Defense_Other_variations,
fork,fork,CSaLf,1rbqk2r/p4ppp/2pP4/3p4/4n3/2B2Q1P/PPP2PP1/2KR1B1R w k - 1 14,c3g7 d8g5 f3e3 g5g7,1140,75,96,787,advantage fork middlegame short,https://lichess.org/x1eOu6Jt#27,Englund_Gambit_Declined Englund_Gambit_Declined_Reversed_French,
fork,fork,E0AXU,1k1r3r/1p3p2/p4Q2/3p4/1nq5/1P3N2/P6P/K3R1R1 b - - 0 26,c4c2 f6f4 b8a8 f4b4,1787,76,92,772,advantage fork middlegame short,https://lichess.org/v6tweI8s/black#52,,
fork,fork,FVYTr,2r3k1/pp1b2qp/4p2p/3pP3/5R2/5N1Q/P5PK/8 b - - 13 40,d7e8 h3e6 g8h8 e6c8,1318,83,93,3555,crushing endgame fork master pin short,https://lichess.org/RqdIFUqJ/black#80,,
fork,fork,H3PNE,r4rk1/pp1N1ppp/2p5/3p2B1/3Pn3/PqP1P2P/4QPP1/R3K2R w KQ - 1 16,d7f8 b3c3 e1f1 c3a1,1121,78,93,732,advantage fork middlegame short,https://lichess.org/wyyz4r3I#31,English_Opening English_Opening_Agincourt_Defense,
fork,fork,IcNyc,r5k1/3bq1pp/p5n1/P2pp1r1/1P3p2/5N2/5BPP/R2QR1K1 b - - 2 26,g5f5 d1d5 e7e6 d5a8,1187,77,92,2692,crushing fork middlegame short,https://lichess.org/qf1wyLlN/black#52,,
fork,fork,K7Yj6,8/6pp/4pb2/2k1N3/1rP2K1P/6P1/2R5/8 b - - 6 48,h7h6 e5d3 c5d4 d3b4,1536,76,94,13016,crushing endgame fork short,https://lichess.org/Wu80R3NZ/black#96,,
fork,fork,LfAQ6,5k2/pN3pp1/4pn2/1q6/4Q3/KP4P1/P5P1/8 w - - 3 28,b7d6 b5a6 e4a4 a6d6,1805,80,92,2037,crushing endgame fork short,https://lichess.org/5XrT4cuu#55,,
fork,fork,NE65w,8/p7/4Qp1p/3p2p1/3k4/2pq2BP/P4PP1/6K1 w - - 0 41,g3b8 d3b1 g1h2 b1b8,1555,76,91,716,crushing endgame fork master short,https://lichess.org/jJ7Ptm4Z#81,,
fork,fork,Ok6kl,r1bq1rk1/pp1n1ppp/2p1p3/3p4/2PPn3/1P2PN2/P1Q2PPP/R1B1KB1R w KQ - 3 10,c1a3 d8a5 b3b4 a5a3,1186,83,91,538,advantage fork opening short,https://lichess.org/rzgNHenh#19,Semi-Slav_Defense Semi-Slav_Defense_Main_Line,
fork,fork,QJkyB,r1bqk2r/ppp2ppp/3p1n2/4n3/2P1P3/B1P2P2/P3N1PP/R2QKB1R b KQkq - 1 9,e5c4 d1a4 c8d7 a4c4,1144,84,92,6971,advantage fork opening short,https://lichess.org/pGtneEek/black#18,Nimzo-Indian_Defense Nimzo-Indian_Defense_Kmoch_Variation,
fork,fork,RqD18,6k1/p4ppp/1p1p3q/3P4/3p4/6R1/BQ2KPPP/2r5 w - - 0 29,b2d4 c1c2 e2f3 c2a2,1292,81,92,910,advantage endgame fork short,https://lichess.org/gUjRYTIN#57,,
fork,fork,TOFbg,r1bq1rk1/1pp1npbp/p4np1/4p1B1/4P3/2NP1NP1/PPP3BP/R2Q1RK1 w - - 2 11,f3e5 d8d4 g1h1 d4e5,1227,79,93,11900,advantage fork opening short,https://lichess.org/oF9nVolG#21,Bird_Opening Bird_Opening_Other_variations,
fork,fork,UuNVr,3r2k1/pp1r1ppp/1qp1pn2/4R3/1bPP4/1P3NP1/PBQ2PKP/R7 b - - 2 27,b4d6 c4c5 b6c7 c5d6,1377,76,93,1813,crushing fork master middlegame short,https://lichess.org/BP4t5Crf/black#54,,
fork,fork,WUxlB,r2q1rk1/1b1nbppp/p3p3/1p1pP3/4n3/1P1B1NNP/P1P2PP1/R1BQ1RK1 w - - 1 14,g3e4 d5e4 d3e4 b7e4,1208,83,93,1150,crushing fork opening short,https://lichess.org/hxT7OhEX#27,Sicilian_Defense Sicilian_Defense_Najdorf_Variation,
fork,fork,Y2l04,r2k1r2/1ppq4/p4P2/3p3Q/3p4/3Pb2P/PPP5/1K1RR3 b - - 0 25,f8f6 h5h8 d8e7 h8a8,1227,83,93,8892,crushing fork middlegame short skewer,https://lichess.org/SHhRPFP6/black#50,,
fork,fork,ZaJCu,2k1r2r/1pp1R3/p1q5/3NQ2p/8/8/PPP3PP/6K1 b - - 2 22,e8e7 d5e7 c8d7 e7c6,1229,79,93,1129,crushing endgame fork short,https://lichess.org/wyw5BvSS/black#44,,
fork,fork,b6MHi,r2qk2r/ppp2pp1/4B1b1/4Q2p/3P3b/4P2P/PP3PP1/R1B1R1K1 b kq - 3 16,f7e6 e5e6 d8e7 e6g6,1128,77,98,703,advantage fork middlegame short,https://lichess.org/OyRqXDT0/black#32,Queens_Gambit_Accepted Queens_Gambit_Accepted_Showalter_Variation,
fork,fork,cei17,8/r1q4k/2pNp1pp/2P2p2/3Pp2P/4P1Q1/5PPK/8 b - - 0 31,c7e7 d6c8 e7d7 c8a7,1485,76,98,1441,advantage endgame fork short,https://lichess.org/6CGWw8f5/black#62,,
fork,fork,eDrBI,Q7/p1p2pkp/6pq/3pb3/4n3/7P/PPP3P1/RN3R1K w - - 0 19,a8d5 e4g3 h1h2 g3f1,1101,81,94,2592,crushing discoveredCheck doubleCheck fork middlegame short,https://lichess.org/fhOFdNO1#37,,
fork,fork,fmNSW,r3r1k1/ppp3bp/2n1p1p1/2N5/2n1P3/2N1BP1P/PPP3P1/R4RK1 w - - 1 16,e3c1 g7d4 g1h1 d4c5,1418,76,93,5423,crushing fork middlegame short,https://lichess.org/wFbpVS3O#31,Modern_Defense Modern_Defense_Other_variations,
fork,fork,hMfD0,4N3/7p/4k3/1r6/3p4/7P/2R2nPK/8 b - - 5 50,f2e4 e8c7 e6e5 c7b5,1185,78,88,728,advantage endgame fork short,https://lichess.org/BW614PzM/black#100,,
fork,fork,iuZCx,rnb1k1nr/pp1p1ppp/8/4pN2/1q2P3/2P5/PP1KNbPP/R1BQ1B1R b kq - 0 9,b4e4 f5d6 e8f8 d6e4,1269,78,96,28313,crushing fork opening short,https://lichess.org/PhQG9Sx6/black#18,Sicilian_Defense Sicilian_Defense_Paulsen-Basman_Defense,
fork,fork,kWKm2,3Q2n1/6rk/8/1p1p1q2/3P4/P1P3P1/1P4P1/R5K1 b - - 0 36,g7g3 d8h4 g8h6 h4g3,1172,81,86,772,crushing endgame fork short,https://lichess.org/Tc2BwAvE/black#72,,
fork,fork,m5zPu,8/p3kr1p/1pb4R/2p1B3/3n4/6P1/PP1R2KP/8 w - - 8 31,g2g1 d4f3 g1g2 f3e5,2159,83,92,1055,advantage discoveredAttack discoveredCheck endgame fork short,https://lichess.org/4AKULbHl#61,,
fork,fork,natVG,r2qkb1r/ppp2ppp/8/3p2P1/5Pb1/3QP3/PPP1N1P1/RN2K2R b KQkq - 0 10,f8c5 d3b5 d8d7 b5c5,1164,75,96,2745,advantage fork middlegame short,https://lichess.org/uxw6ZJ3d/black#20,Trompowsky_Attack Trompowsky_Attack_Raptor_Variation,
fork,fork,p8Qi4,1k1r4/1pp2p2/4q3/pP2P1p1/P2P1bNp/3Q3P/5PP1/3R2K1 w - - 1 33,d3e4 f7f5 e4f3 f5g4,1647,74,95,20156,crushing endgame fork short,https://lichess.org/ksKUD2za#65,,
fork,fork,qhDge,8/4rqkp/4pnp1/1B1p4/P5r1/2Q1R1P1/2P2P1P/5RK1 w - - 3 30,f1e1 d5d4 c3a1 d4e3,1269,82,94,1410,advantage fork middlegame short,https://lichess.org/I5h3IIEc#59,,
fork,fork,sEtrc,2n1k2r/1b1p1pb1/4p1pp/Q7/3PPB2/1P3N2/1q3PPP/2N1K2R w Kk - 2 20,d4d5 g7c3 a5c3 b2c3,1284,82,91,4505,crushing fork middlegame short,https://lichess.org/CJfHjSOQ#39,,
fork,fork,tnQum,8/2n3p1/7b/R7/3KNk1p/8/PPP4P/6n1 w - - 11 40,a5a7 c7b5 d4d5 b5a7,1147,77,94,623,advantage endgame fork short,https://lichess.org/XMRCaU3L#79,,
fork,fork,vLmt6,1rb2r2/1p2b1k1/p1q1p2p/6p1/PP2Q3/2PB2P1/5P1P/R3R1K1 b - - 0 22,f8h8 e4e5 e7f6 e5b8,2003,81,92,3084,advantage fork middlegame short,https://lichess.org/hy5z1WSV/black#44,,
fork,fork,wtBN1,r4r2/4p1k1/p2p1pp1/2qP1b2/1p3N1P/3R2Q1/PPP5/1K4R1 b - - 0 24,a8c8 f4e6 g7f7 e6c5,1680,79,93,846,advantage fork middlegame short,https://lichess.org/E7RjeLoy/black#48,,
fork,fork,yR9sV,4r1k1/pp3ppp/3p1q2/2p5/2P2n2/PPR2N2/3P1PPP/3Q2K1 w - - 3 20,g2g3 f4e2 g1g2 e2c3,1460,79,96,23274,crushing endgame fork short,https://lichess.org/COsVUWPl#39,,
pin,pin,001kG,rnbq3r/1p2bkpp/p4n2/8/2pNP3/2N5/PPP3PP/R1BQ1RK1 b - - 1 11,e7c5 d1h5 f7g8 h5c5,1963,76,93,1158,advantage opening pin short,https://lichess.org/xXAEaVto/black#22,Sicilian_Defense Sicilian_Defense_Najdorf_Variation,
pin,pin,1XkrW,r2rn1k1/ppq2pbp/3p2p1/4p1P1/3nPPBP/PPN5/1BPQ4/2KR3R w - - 0 19,c3d5 d4b3 c1b1 b3d2,1265,76,92,3522,crushing middlegame pin queensideAttack short,https://lichess.org/28MiQvIk#37,Sicilian_Defense Sicilian_Defense_Closed,
pin,pin,37ynF,r2q1rk1/ppp2ppp/4bn2/2b1p1B1/2B1P3/2PP2Q1/PP4PP/RN3R1K b - - 2 13,e6c4 g5f6 d8f6 f1f6,1221,81,93,17041,crushing opening pin short,https://lichess.org/vwx3XVEd/black#26,Kings_Gambit_Declined Kings_Gambit_Declined_Queens_Knight_Defense,
pin,pin,4hrxt,2rqr1k1/5p1n/p1p3p1/1p1b2PN/1b1P1P1P/3BP3/PPQP4/R1B1K1R1 w Q - 1 22,d3g6 e8e3 e1f2 e3f3,1673,75,87,650,crushing middlegame pin short,https://lichess.org/eFPfnVVt#43,,
pin,pin,6DJpz,r1bqkb1r/1p2pppp/p1P2n2/1B6/3Q4/2N5/PPP2PPP/R1B1K1NR b KQkq - 0 7,d8d4 c6b7 a6b5 b7a8q,1240,76,87,686,advancedPawn crushing discoveredAttack discoveredCheck master masterVsMaster opening pin promotion short,https://lichess.org/ZhC77R0V/black#14,Queens_Pawn_Game Queens_Pawn_Game_Chigorin_Variation,
pin,pin,7n5M9,2r2rk1/pb3pp1/1p3n1p/2b1q3/4p2N/1QN1P1PP/PP3PB1/2RR2K1 b - - 0 19,g7g5 h4g6 e5b8 g6f8,1482,77,96,19605,advantage master middlegame pin short,https://lichess.org/eHSRjl89/black#38,Kings_Indian_Attack Kings_Indian_Attack_Other_variations,
pin,pin,9L3qN,r1b2rk1/ppp2ppp/1bnn1q2/8/3P1B2/1BN2N2/PPP3PP/R2Q1RK1 w - - 1 12,f4e5 c6e5 f3e5 f6e5,1652,76,91,1954,crushing opening pin short,https://lichess.org/Pct7VYPE#23,Kings_Gambit_Accepted Kings_Gambit_Accepted_Bishops_Gambit,
pin,pin,Ar1zQ,6r1/2p5/p1k2B2/1p2p3/8/2P5/P1P3K1/3R4 w - - 1 29,g2f3 g8f8 f3e4 f8f6,1141,75,100,669,advantage endgame pin short,https://lichess.org/00r7QoGe#57,,
pin,pin,CObOW,8/8/8/k5K1/P5R1/8/1r4p1/8 w - - 6 41,g5h4 b2b4 h4h5 b4g4,1294,75,99,1139,crushing endgame pin rookEndgame short,https://lichess.org/mrmSYVXI#81,,
pin,pin,Dxex2,7r/8/p6p/3R4/6p1/P5q1/1PQ5/K5k1 b - - 0 42,g3e1 d5d1 e1d1 c2d1,1096,78,99,901,crushing defensiveMove endgame pin short,https://lichess.org/b97UE6YT/black#84,,
pin,pin,FVp1e,4k3/p3q2p/1p2bp1Q/4p3/8/6RP/2P4K/8 b - - 5 38,e6f5 g3g8 e8d7 g8g7,1706,75,97,5559,crushing endgame master pin short,https://lichess.org/xhzOs4cL/black#76,,
pin,pin,H77SY,4r1rk/2qn2b1/7p/3nPp2/Npp1Q3/6BP/1PB1R3/4R1K1 w - f6 0 39,e4d5 g7e5 g1h1 g8g3,2008,75,95,1080,advantage discoveredAttack middlegame pin short,https://lichess.org/xzonTrNA#77,,
pin,pin,Ihb4d,1B1qr1k1/5bpp/5p2/p7/2Pp2NP/5P2/PPQ3P1/1K5R w - - 3 27,b8g3 f7g6 c2g6 h7g6,1782,75,93,5220,crushing middlegame pin short,https://lichess.org/FpXYgDyF#53,,
pin,pin,KDEyp,8/8/1R2p3/4P1K1/5P2/3k2P1/8/7q b - - 8 88,h1d5 b6d6 d3c2 d6d5,1195,75,96,8289,crushing endgame pin queenRookEndgame short,https://lichess.org/4mdCmf48/black#176,,
pin,pin,LlGje,r1bk1b1r/pp5p/5p1n/1Bq1p3/3p4/P1N1B3/1PQ2PPP/1K1R3R b - - 2 17,c5b5 c3b5 c8f5 d1d3,1657,75,88,623,crushing hangingPiece middlegame pin short,https://lichess.org/Gpbx7S8a/black#34,French_Defense French_Defense_Advance_Variation,
pin,pin,NIhaq,rn2k1nr/pQpb1ppp/8/2b5/2P2p1P/3P4/PPK3P1/RNB1qB1R b kq - 0 14,c5e3 c1e3 f4e3 b7a8,2092,78,91,628,advantage opening pin short trappedPiece,https://lichess.org/x2KnTpLY/black#28,Kings_Gambit_Accepted Kings_Gambit_Accepted_Modern_Defense,
pin,pin,OpBrr,8/7p/rp1k1p2/1R6/5PK1/7P/6P1/8 w - - 8 38,g4f5 a6a5 b5a5 b6a5,1134,81,94,2164,crushing endgame pin rookEndgame short,https://lichess.org/2VLrBfIi#75,,
pin,pin,QNgIv,4r1k1/1p3ppp/p3n1r1/3p1Qnq/3P4/1PP1PP2/4R1PN/2BR1B1K w - - 1 33,h1g1 g5h3 f5h3 h5h3,1667,78,95,27991,advantage kingsideAttack middlegame pin short,https://lichess.org/oynrS90m#65,,
pin,pin,RvR2O,5rk1/1pp1r2p/p5p1/3pNq2/1P1PnP2/P6R/2P3QP/5R1K b - - 9 34,g8h8 e5g6 f5g6 g2g6,1222,80,86,843,crushing kingsideAttack middlegame pin short,https://lichess.org/s5nsfrIQ/black#68,,
pin,pin,TSUzq,r2r2k1/1b3N1p/pp2pqp1/5n2/2BP2Q1/4R3/PP3PPP/R5K1 b - - 0 21,f5e3 f2e3 g8f7 a1f1,2198,76,91,800,advantage master middlegame pin short,https://lichess.org/zpzLgkEY/black#42,,
pin,pin,V3f97,r1q2rk1/4ppbp/2n3p1/4P1Bn/8/pB3N1b/P2N1PP1/2RQR1K1 w - - 0 20,g5e7 c8g4 f3h4 c6e7,2077,76,94,6647,crushing intermezzo middlegame pin short,https://lichess.org/9JZ5tFFq#39,,
pin,pin,Wb3Hn,2b3r1/pp2R3/2pn1k1p/8/6PP/1P3P2/P1P3K1/4R3 w - - 3 25,g2g3 d6f5 g3g2 f5e7,1453,76,87,1837,crushing endgame pin short,https://lichess.org/oq7jq3mA#49,,
pin,pin,YDg0j,5r2/pp2R1bk/2p3pp/3p1r2/P2p4/1BPP1PqP/1P1Q2P1/4R2K b - - 4 25,f5e5 e1e5 g3e5 e7e5,1551,82,91,1081,advantage middlegame pin short,https://lichess.org/bq9AY9FW/black#50,,
pin,pin,Zkx5Q,r2qkb1r/8/p2pbp2/3np2p/1p4p1/1N3P1P/PPPQBBP1/2KR3R w kq - 0 18,f3g4 f8h6 d2h6 h8h6,1250,77,95,7510,advantage middlegame pin short,https://lichess.org/58uKm0dD#35,Sicilian_Defense Sicilian_Defense_Najdorf_Variation,
pin,pin,bJaGr,8/8/4R1k1/8/3B1q2/2P3p1/4K3/8 b - - 1 62,g6g5 d4e3 g3g2 e3f4,1415,75,96,33581,crushing endgame master masterVsMaster pin short superGM,https://lichess.org/VfLrE6py/black#124,,
pin,pin,cp8lW,5rk1/5q2/p3p2p/1p1b1r1P/2nP1R2/2PQ2B1/P7/3B1RK1 b - - 0 38,f5f4 f1f4 f7g7 f4g4,1989,75,94,13580,crushing middlegame pin short,https://lichess.org/xqUpnRwG/black#76,,
pin,pin,eL0Gy,2r1Rr1k/5Bpp/1b1p4/p7/2pP1PPq/2p2Q1P/P1P5/4R1K1 w - - 1 26,f3e3 c8e8 f7e8 b6d4,1994,76,95,870,crushing middlegame pin short,https://lichess.org/gU6ASNb8#51,,
pin,pin,fr216,6r1/2pk2r1/1p1p4/4p3/P1Q1Pb2/1P5P/5RPK/8 w - - 1 43,h2g1 f4e3 g1f1 e3f2,1372,77,93,2800,advantage endgame pin short,https://lichess.org/0GOzj471#85,,
pin,pin,hSsOq,5k2/1p1r2b1/p1q2pp1/Pr2p3/8/6B1/Q1R2PP1/4R1K1 b - - 7 37,b5c5 a2a3 d7d5 e1c1,1992,75,90,1640,advantage master middlegame pin short,https://lichess.org/PC0h8tWW/black#74,,
pin,pin,j20vV,rn1q1r2/ppp3kp/1n1b2p1/3p4/3P2Q1/1BN3N1/PPP3PP/R1B3K1 b - - 2 15,d8f6 g3h5 g7h8 h5f6,1399,75,94,19417,crushing master middlegame pin short,https://lichess.org/4fTqQNz2/black#30,Alekhine_Defense Alekhine_Defense_Normal_Variation,
pin,pin,kdlrh,2r1r1k1/5pp1/pqn4p/2R5/Pp1PQ3/1P2P1PP/5P2/4KB1R w K - 1 23,e4c2 c6d4 c5c8 d4c2,1225,77,95,4015,advantage middlegame pin short,https://lichess.org/Dsq0rL7I#45,,
pin,pin,mE84d,8/1Q3pk1/5p1p/2P2q2/1P6/4B2P/2r1rPPK/5R2 w - - 1 31,b7f3 f5f3 g2f3 e2e3,1687,76,94,1090,crushing endgame master pin short,https://lichess.org/lRm0XRv1#61,,
pin,pin,nkFWU,r3k2r/ppp2ppp/2n2n2/2b5/4PP2/7B/PPP4P/RNBR3K b kq - 0 12,f6e4 d1e1 e8g8 e1e4,1713,74,95,11410,advantage master middlegame pin short,https://lichess.org/XJc8ReNw/black#24,Amar_Opening Amar_Opening_Other_variations,
pin,pin,pG3ZA,r4rk1/ppq3p1/3pQ2p/5n2/2B5/5N2/PP3PPP/5RK1 b - - 0 18,c7f7 e6e4 g8h8 c4f7,2101,78,91,1570,crushing discoveredAttack middlegame pin short,https://lichess.org/9kRadFF4/black#36,Italian_Game Italian_Game_Giuoco_Pianissimo,
pin,pin,qmqK8,6r1/3R2pk/4R3/5Nrp/6P1/n6P/8/6K1 b - - 1 41,g8c8 e6h6 h7g8 f5e7,1561,75,97,2698,crushing endgame pin short,https://lichess.org/L4zaiixF/black#82,,
pin,pin,sL9LW,r3kb1r/ppp1pppp/2n5/q7/2BPn1b1/2N1BN2/PPP2PPP/R2QK2R w KQkq - 5 8,c4f7 e8f7 d4d5 e4c3,1386,77,93,1678,advantage hangingPiece opening pin short,https://lichess.org/VRvYeIpm#15,Scandinavian_Defense Scandinavian_Defense_Main_Line,
pin,pin,toXr8,r3q1k1/p2b3p/Bnp2brQ/3p1p2/P3p3/B1N2P2/1PP4P/3R2RK b - - 6 26,d5d4 g1g6 e8g6 d1g1,1688,75,93,829,advantage clearance master middlegame pin short,https://lichess.org/q1nQCdIC/black#52,,
pin,pin,vMEh5,2r5/3qk3/4p2n/Rpp2p1B/1n6/1P2P3/1B1P1PPP/5RK1 b - - 0 32,d7d2 a5a7 e7d6 f1d1,1372,74,84,784,advantage middlegame pin short,https://lichess.org/EUeV14hg/black#64,,
pin,pin,wt0Uf,8/4qk2/R4pp1/7p/8/1P2B1PP/5P1K/8 b - - 9 49,f6f5 a6a7 e7a7 e3a7,1158,82,92,1274,crushing endgame master pin short,https://lichess.org/p4H55j1p/black#98,,
pin,pin,yTlEx,2k1r3/1p4pr/1q1p1np1/pNpP4/P1P1P1Pb/2QK4/1P4B1/R6R b - - 2 26,f6g4 g2h3 c8b8 h3g4,1402,76,97,4423,advantage middlegame pin short,https://lichess.org/8TwZVwPz/black#52,,
skewer,skewer,001xl,8/4R1k1/p5pp/3B4/5q2/8/5P1P/6K1 b - - 5 40,g7f6 e7f7 f6e5 f7f4,1131,80,94,11868,advantage endgame master masterVsMaster short skewer superGM,https://lichess.org/bEQkfPQD/black#80,,
skewer,skewer,1dl0N,8/8/5k2/B3pP1p/2PbK3/8/8/8 b - - 0 51,h5h4 a5d8 f6g7 d8h4,1312,76,98,4764,bishopEndgame crushing endgame master short skewer,https://lichess.org/0WhmzeF4/black#102,,
skewer,skewer,3IV3B,1k2r3/1p6/7q/Q1p2bp1/2B1p1p1/1P2R1P1/1P2KP2/8 b - - 3 31,h6c6 c4b5 c6c8 b5e8,1285,79,93,12457,crushing endgame short skewer,https://lichess.org/Y1IhA4V9/black#62,,
skewer,skewer,4nhXY,6k1/2p1b1pp/pp6/3rP3/5PP1/P3B2P/1P6/4R1K1 w - - 0 26,g1f2 e7h4 f2e2 h4e1,1364,75,100,789,advantage endgame short skewer,https://lichess.org/xvcnZ4oF#51,,
skewer,skewer,6QXF3,2r4r/Qbq2p1p/4kp2/1B1pp3/8/P7/1PP2PPP/2KR3R w - - 1 17,b5a4 c8a8 a7e3 a8a4,1530,74,96,38226,advantage middlegame short skewer,https://lichess.org/O3RLYxgP#33,Sicilian_Defense Sicilian_Defense_Open,
skewer,skewer,7x0XQ,8/7R/p1r5/P2k4/7P/8/6PK/4b3 b - - 0 37,e1a5 h7h5 d5e6 h5a5,1251,74,100,627,advantage endgame short skewer,https://lichess.org/w3XQ1ach/black#74,,
skewer,skewer,9ShxQ,6bk/8/6Kp/1R5P/8/P5p1/8/8 w - - 0 58,b5b1 g8h7 g6h6 h7b1,1170,75,97,6473,crushing endgame short skewer,https://lichess.org/T2z7BVVg#115,,
skewer,skewer,AzkyZ,1Q6/4R3/2p1n1pp/2Pb1p2/PK1k4/8/2r5/8 w - - 0 63,e7e6 c2b2 b4a5 b2b8,1353,75,98,9410,crushing endgame master short skewer,https://lichess.org/pv1CTQa9#125,,
skewer,skewer,CXHcn,8/4r3/3Rbb2/1p5k/1Pp2P1P/5KP1/8/1R6 w - - 5 56,b1d1 e6g4 f3g2 g4d1,1253,84,92,953,crushing endgame short skewer,https://lichess.org/OeoCLp2B#111,,
skewer,skewer,E7EQA,1r2k3/6R1/8/1pp2R1p/3prP2/8/5K2/8 b - - 0 59,e4e7 g7g8 e8d7 g8b8,1120,77,92,917,advantage endgame rookEndgame short skewer,https://lichess.org/Ghlbfpc6/black#118,,
skewer,skewer,FUKj1,8/3k1p2/1R3P2/p7/1p2B3/2p1K3/b7/8 w - - 0 42,e3d3 a2b1 d3e2 b1e4,1359,78,92,1610,crushing deflection endgame master short skewer,https://lichess.org/6qEOhuk1#83,,
skewer,skewer,H4Ec8,1q6/p2k1Q1p/2p5/2n5/P3n3/6PP/7K/8 b - - 1 37,d7d6 f7f4 d6e6 f4b8,1034,91,94,7055,advantage endgame master short skewer,https://lichess.org/bQ0yIpO4/black#74,,
skewer,skewer,IWVlJ,3k3r/p4ppp/4p3/8/1R6/8/PnP2PPP/6K1 b - - 1 22,b2d1 b4b8 d8d7 b8h8,1487,80,93,1388,crushing endgame short skewer,https://lichess.org/DEBMD4e3/black#44,,
skewer,skewer,K3Bcg,8/1p6/p1pk4/P2p4/1P1q4/5Q2/6K1/8 b - - 1 62,d4b4 f3f8 d6c7 f8b4,1309,78,86,1359,crushing endgame master queenEndgame short skewer,https://lichess.org/pwiEVedi/black#124,,
skewer,skewer,LZAdH,5rk1/p1pn1r2/1pn1pq2/2p1p3/4P2p/2PP3P/PP1NQPN1/R3KR2 w Q - 0 22,e2g4 f7g7 g4h4 g7g2,1520,78,92,1880,advantage defensiveMove middlegame short skewer,https://lichess.org/JX6j2BCh#43,,
skewer,skewer,N8lqW,8/8/3b4/5pk1/4p2p/5KPP/4NP2/8 w - - 0 42,f3e3 d6c5 e3d2 c5f2,1961,75,87,552,crushing deflection endgame short skewer,https://lichess.org/d6uqyZBE#83,,
skewer,skewer,OeMlY,8/p7/1p4R1/1n6/6P1/1B3k2/P6r/2K5 b - - 5 39,h2g2 b3d5 f3f4 d5g2,1107,86,93,606,crushing endgame short skewer,https://lichess.org/1qC643pj/black#78,,
skewer,skewer,QGxLi,6k1/5p2/2pRbp1p/8/1p2P3/2p2P2/r1K1B1PP/2R5 w - - 2 28,c2d3 a2d2 d3e3 d2d6,1480,74,87,1133,crushing endgame short skewer,https://lichess.org/V0pin4bO#55,,
skewer,skewer,RqJdU,2r5/1P5R/4pk2/2Kp4/3P4/2P5/8/8 w - - 1 63,h7c7 c8c7 c5b6 c7c3,2161,78,94,799,crushing endgame hangingPiece master rookEndgame short skewer,https://lichess.org/avFFCG9Y#125,,
skewer,skewer,TKZpq,rn3rk1/pp3pp1/7p/3Ppq2/4p3/2P5/P3BPPP/R2Q1RK1 b - - 0 14,b8d7 e2g4 f5g5 g4d7,1283,83,91,895,crushing master middlegame short skewer,https://lichess.org/5R55ousl/black#28,Slav_Defense Slav_Defense_Diemer_Gambit,
skewer,skewer,Uqmsq,8/8/2k4q/2p2K2/4P3/8/1R6/8 b - - 6 59,c6d6 b2b6 d6d7 b6h6,1102,77,95,2467,crushing endgame queenRookEndgame short skewer,https://lichess.org/Aw38AatU/black#118,,
skewer,skewer,WUAZb,8/1p6/p4p2/P2Q2pk/1P6/2P1P1KP/8/4q3 w - - 1 44,g3f3 e1h1 f3e2 h1d5,1140,76,97,559,crushing endgame queenEndgame short skewer,https://lichess.org/NNyr54PO#87,,
skewer,skewer,Y8ewu,6k1/3p1pp1/2RP3p/8/6P1/1p5P/1B1K3r/8 w - - 1 39,d2c3 h2c2 c3b3 c2c6,1819,75,98,1920,crushing endgame short skewer,https://lichess.org/eQqhiaxN#77,,
skewer,skewer,ZjDhx,3r4/6p1/6p1/3kp3/8/P7/1Pp1R3/2K5 b - - 1 50,e5e4 e2d2 d5e6 d2d8,1027,94,87,602,crushing endgame master rookEndgame short skewer,https://lichess.org/SJIkouyp/black#100,,
skewer,skewer,bL3Y1,3r2k1/6p1/3q2b1/1P1p3p/2pQp2r/2P1R1N1/R5P1/6K1 b - - 1 37,h4f4 a2a6 d6e7 a6g6,2003,77,94,12934,advantage middlegame short skewer,https://lichess.org/ZgahhvtF/black#74,,
skewer,skewer,cr1gl,4r3/8/3P2p1/8/2K5/5k2/2R5/8 w - - 1 55,c4c5 e8c8 c5d5 c8c2,1162,75,97,593,crushing endgame rookEndgame short skewer,https://lichess.org/eFAWhb5a#109,,
skewer,skewer,eP15u,rnbq2r1/ppppnk1p/7B/8/1b2P3/8/P4PPP/RN1Q1KNR b - - 1 9,e7g6 d1d5 f7e8 d5g8,1934,79,94,2913,advantage deflection opening short skewer,https://lichess.org/dhwu3Euw/black#18,Danish_Gambit_Accepted Danish_Gambit_Accepted_Copenhagen_Defense,
skewer,skewer,g4fRQ,rn3rk1/1ppb2p1/pq5p/3PPp2/2Q2P2/7P/PP1N2P1/2KR1B1R w - - 0 19,f1e2 d7b5 c4c3 b5e2,1279,75,84,524,advantage middlegame short skewer,https://lichess.org/5u5lkVUU#37,Horwitz_Defense Horwitz_Defense_Other_variations,
skewer,skewer,hafjR,8/6Bp/1p1pkQp1/2p5/2q5/7P/6PK/8 b - - 1 39,e6d5 f6f7 d5c6 f7c4,1345,82,92,848,crushing deflection endgame master short skewer,https://lichess.org/gzbeTfI2/black#78,,
skewer,skewer,jA9Wu,8/3R3p/5p1k/5Pp1/6qP/1P6/P3K3/2Q5 w - - 5 43,e2e3 g4f4 e3e2 f4c1,1008,80,90,1181,crushing endgame short skewer,https://lichess.org/GMwP4pAq#85,,
skewer,skewer,kp8Gp,r4k2/pp5R/6p1/5p2/4b3/2B4P/1P3P2/6K1 b - - 0 30,f8g8 h7h8 g8f7 h8a8,1051,77,95,7750,crushing endgame short skewer,https://lichess.org/F0aB20H4/black#60,,
skewer,skewer,mNDMk,8/2k1NQ2/8/8/1p6/3q1K2/1P4PP/8 w - - 5 40,f3f4 d3f1 f4e5 f1f7,1247,83,91,1356,crushing endgame short skewer,https://lichess.org/slOTc2RJ#79,,
skewer,skewer,npAbD,8/8/5k2/1B1p4/p2Pb3/P3P1RP/8/K1r5 w - - 3 46,a1b2 c1b1 b2a2 b1b5,1415,76,96,3079,advantage endgame short skewer,https://lichess.org/Ie45a0WY#91,,
skewer,skewer,pG0iI,4k1K1/1r6/8/5RPP/8/8/3b4/8 b - - 4 67,e8e7 f5f7 e7d6 f7b7,1181,80,94,1083,crushing endgame master short skewer,https://lichess.org/YEAYbExM/black#134,,
skewer,skewer,qmgrr,5b2/8/2k5/pp2p3/3p4/2P1NqP1/PP1K1P1R/4R3 w - - 0 31,c3d4 f8b4 d2c1 b4e1,1269,83,93,2627,advantage endgame master short skewer,https://lichess.org/XKe4ckVv#61,,
skewer,skewer,sOP5S,8/5k2/5p2/5R2/3RK3/8/8/7q w - - 12 75,e4d3 h1b1 d3e3 b1f5,1798,81,93,986,crushing endgame queenRookEndgame short skewer,https://lichess.org/TEkmlbeM#149,,
skewer,skewer,tuPew,R7/8/8/2pk4/7r/KP6/8/8 b - - 1 78,d5d4 a8a4 d4d5 a4h4,1133,78,93,1304,crushing endgame rookEndgame short skewer,https://lichess.org/0r5xGlmZ/black#156,,
skewer,skewer,vUROY,r2k1b1r/ppqn4/2p1Qpp1/8/3P4/8/PPPB1PPP/2KRR3 b - - 2 16,c7d6 e6e8 d8c7 e8a8,1314,76,85,694,crushing middlegame short skewer,https://lichess.org/JJwchlqZ/black#32,Scandinavian_Defense Scandinavian_Defense_Main_Line,
skewer,skewer,wzk7I,6R1/8/3Bp3/4Pk1p/5npK/2r3P1/7P/8 b - - 0 43,c3c2 g8f8 f5e4 f8f4,1966,77,97,993,crushing endgame short skewer,https://lichess.org/VIaQBRB9/black#86,,
skewer,skewer,yTK8N,8/R4pp1/7p/5P2/3k2P1/8/2P3r1/2K5 b - - 0 40,g2g4 a7a4 d4e5 a4g4,1156,82,91,1512,crushing endgame rookEndgame short skewer,https://lichess.org/I8S9Sgjq/black#80,,
discoveredAttack,discoveredAttack,002KJ,r3kb1r/ppq2ppp/4pn2/2Ppn3/1P4bP/2P2N2/P3BPP1/RNBQ1RK1 b kq - 2 10,f8e7 f3e5 c7e5 e2g4,1615,78,90,1729,crushing discoveredAttack middlegame short,https://lichess.org/2NpTzh7O/black#20,Caro-Kann_Defense Caro-Kann_Defense_Advance_Variation,
discoveredAttack,discoveredAttack,1aF9u,r4rk1/1pp2pp1/p2pbq1p/1N2n3/3QP3/3B3P/PPP2PP1/R4RK1 w - - 0 13,b5c7 e5f3 g2f3 f6d4,1374,77,93,2953,crushing discoveredAttack middlegame short,https://lichess.org/A7wSu4iK#25,Three_Knights_Opening Three_Knights_Opening_Other_variations,
discoveredAttack,discoveredAttack,39bAr,r7/p4Qpk/1pR2nrp/5p1q/1P1Pp3/P3P1P1/3N1P1P/5RK1 w - - 1 22,g1g2 g6g3 h2g3 h5f7,1841,75,97,2427,advantage discoveredAttack middlegame short,https://lichess.org/dmbBefvM#43,,
discoveredAttack,discoveredAttack,4gKHY,3R4/p4pp1/4pk2/6qp/3Ppn2/4Q3/P4BPP/4N1K1 w - - 0 29,f2g3 f4h3 g2h3 g5e3,1164,75,95,14383,advantage discoveredAttack endgame short,https://lichess.org/ckLKBYow#57,,
discoveredAttack,discoveredAttack,6I9Q4,r1b2rk1/pp2bppp/4pn2/3p4/1n1P4/PQ2P2P/1P1NKPPB/RBq3NR b - - 2 13,c8d7 b1h7 f6h7 a1c1,1179,75,96,9342,crushing discoveredAttack middlegame short,https://lichess.org/XsQpb8Gw/black#26,Queens_Pawn_Game Queens_Pawn_Game_Accelerated_London_System,
discoveredAttack,discoveredAttack,7q7ui,r4rk1/pbp2pp1/1p2pq1p/6P1/1bPP3P/1P3N2/P1Q2PB1/R4RK1 b - - 0 16,h6g5 f3g5 g7g6 g2b7,1644,76,97,13885,crushing discoveredAttack master middlegame short,https://lichess.org/v8EZ1zxe/black#32,Queens_Pawn_Game Queens_Pawn_Game_Zukertort_Variation,
discoveredAttack,discoveredAttack,9L87A,8/1k6/1P3Kp1/5p1p/3Bb3/4P1P1/7P/8 w - - 37 67,f6g6 f5f4 g6g5 f4f3,1550,74,89,2279,bishopEndgame crushing discoveredAttack discoveredCheck endgame short,https://lichess.org/ygnykgC7#133,,
discoveredAttack,discoveredAttack,As5Pd,5rk1/ppr2pp1/4P2p/3Q1R2/1P6/P3q3/5RK1/8 b - - 0 32,f7f6 e6e7 f8f7 d5d8,2067,78,92,3217,advancedPawn crushing discoveredAttack discoveredCheck endgame short,https://lichess.org/3NRbM9P1/black#64,,
discoveredAttack,discoveredAttack,CQ3Eq,8/1p1rk1p1/1r2p3/5P1R/8/3p3P/3N2P1/3K4 b - - 0 40,b6b5 f5f6 g7f6 h5b5,1401,74,82,684,advantage discoveredAttack endgame short,https://lichess.org/ZrWjPAEV/black#80,,
discoveredAttack,discoveredAttack,Dv2qS,8/p3k3/6pp/2p5/2P5/2P1K1P1/2r5/4R3 b - - 9 45,c2c3 e3d2 e7d7 d2c3,1115,97,95,510,crushing discoveredAttack discoveredCheck endgame rookEndgame short,https://lichess.org/F263kWSU/black#90,,
discoveredAttack,discoveredAttack,FTrT7,r3kb1r/1p1b1ppp/1qn1p3/pN1pPn2/3P4/PQ3N2/1P2BPPP/R1B1K2R b KQkq - 6 11,a5a4 b5d6 f8d6 b3b6,1185,77,97,818,advantage discoveredAttack opening short,https://lichess.org/UwXKETg4/black#22,French_Defense French_Defense_Advance_Variation,
discoveredAttack,discoveredAttack,GzjjI,2kq4/1p6/2p1p2p/p1br1b1B/2N1pP2/PPQ1P1P1/1BP2K2/4R3 w - - 5 26,c3a5 c5e3 e1e3 d5a5,1822,77,92,867,advantage discoveredAttack master middlegame short,https://lichess.org/GVro1fxk#51,,
discoveredAttack,discoveredAttack,IYMSR,1k1r4/p2q2pp/1p1b4/1N6/6n1/4Q3/PP3PPP/3R1RK1 w - - 7 23,e3c3 d6h2 g1h1 d7d1,1452,78,96,35261,crushing discoveredAttack middlegame short,https://lichess.org/BshuTlVL#45,,
discoveredAttack,discoveredAttack,KAMBT,8/p1q2pkp/4p1p1/2p1P3/P1P2Q2/7P/6PK/8 b - - 2 32,f7f5 e5f6 g7f7 f4c7,1496,76,89,1002,crushing discoveredAttack enPassant endgame master masterVsMaster queenEndgame short,https://lichess.org/tcrbdwMl/black#64,,
discoveredAttack,discoveredAttack,Lj3Z6,4rr2/1p4bk/p1p4p/3n1qp1/6N1/1PP2NP1/1P1RQPP1/4R1K1 w - - 0 27,e2d3 f5d3 d2d3 f8f3,2050,77,92,1787,advantage discoveredAttack master middlegame short,https://lichess.org/HbwyNWRF#53,,
discoveredAttack,discoveredAttack,NG4d0,1r2r1k1/5pp1/2ppb2P/3p4/p2q3P/1P1BQ3/P1P2P2/1K2R2R b - - 2 24,d4c3 d3h7 g8h7 e3c3,1550,79,94,20947,crushing discoveredAttack middlegame short,https://lichess.org/LOHL29qq/black#48,,
discoveredAttack,discoveredAttack,OlsYn,6k1/2r1ppb1/6p1/2pB3p/2n5/1RP1P2P/r4PP1/2BR2K1 b - - 1 22,c4e5 b3b8 g8h7 d5a2,1386,77,84,554,advantage discoveredAttack master middlegame short,https://lichess.org/vA19bZVE/black#44,,
discoveredAttack,discoveredAttack,QL5Z4,8/1q1k4/4p3/3pPpB1/2bP1P1P/2Q5/1r2B3/6NK w - - 3 43,e2c4 d5c4 d4d5 b7d5,1250,76,99,3278,crushing discoveredAttack discoveredCheck endgame short,https://lichess.org/eCvNQ94F#85,,
discoveredAttack,discoveredAttack,RtI3X,4r1k1/3q1p1p/p7/1p3p1b/3p1P2/P2Q1P2/1PB4P/3R2K1 b - - 2 27,e8e3 d3e3 d4e3 d1d7,1545,76,93,2796,crushing discoveredAttack endgame short,https://lichess.org/c2ggbpl6/black#54,,
discoveredAttack,discoveredAttack,TOCmd,8/5pk1/pQ5p/4n1p1/4Bq2/P4P1P/1P4P1/6K1 w - - 0 42,b6c7 e5f3 e4f3 f4c7,1537,77,100,1099,crushing discoveredAttack endgame master short,https://lichess.org/nOTKxAMV#83,,
discoveredAttack,discoveredAttack,UxKzK,3rr1k1/ppq3bp/8/2p4p/2PpB3/1P4PP/PB2QP2/4R1K1 b - - 0 27,d4d3 e4d5 d8d5 e2e8,1594,76,95,2062,crushing deflection discoveredAttack kingsideAttack middlegame short,https://lichess.org/ia7knc6I/black#54,,
discoveredAttack,discoveredAttack,WWkqr,2k5/pp6/2pp4/5Pq1/3P1pP1/1P3Q2/P6r/2K3R1 w - - 1 30,g1g2 h2g2 f3g2 f4f3,1624,75,88,1107,crushing discoveredAttack discoveredCheck endgame short,https://lichess.org/zlFo62ro#59,,
discoveredAttack,discoveredAttack,Y0i3i,8/7p/3rk1p1/p3N3/2RnP2P/6P1/3K4/8 w - - 1 37,e5d3 d4f3 d2e2 d6d3,2013,78,93,3923,crushing discoveredAttack endgame short,https://lichess.org/F0kfxbnD#73,,
discoveredAttack,discoveredAttack,ZXvP8,r4b1Q/pp1kn2p/2p5/q2P4/4P3/2N3P1/PPP5/R3K2R w KQ - 1 18,e1c1 f8h6 h1h6 a8h8,1180,79,94,4416,advantage discoveredAttack middlegame short,https://lichess.org/m7ztC76g#35,Kings_Gambit_Accepted Kings_Gambit_Accepted_Quade_Gambit,
discoveredAttack,discoveredAttack,b6Xxi,r4r1k/pp1q2p1/3p1n1p/4pbN1/7P/1QPB4/PP3PP1/2KR3R b - - 1 16,h6g5 h4g5 f6h7 g5g6,1629,79,96,3323,crushing discoveredAttack discoveredCheck kingsideAttack middlegame short,https://lichess.org/7xpRKz9r/black#32,Kadas_Opening Kadas_Opening_Other_variations,
discoveredAttack,discoveredAttack,cg07r,2kr2nr/pp3ppp/2nb4/1B1P1q2/8/2P5/PP3PPP/RNBQ1RK1 w - - 1 13,d5c6 d6h2 g1h2 d8d1,1253,79,89,2652,crushing discoveredAttack kingsideAttack opening short,https://lichess.org/bXkxdk5Y#25,Italian_Game Italian_Game_Classical_Variation,
discoveredAttack,discoveredAttack,eIlh8,8/2RR3p/3Np1p1/4P3/2P3Pk/2rn3P/5P1K/3q4 b - - 2 39,d3f4 d6f5 e6f5 d7d1,2091,100,90,1570,advantage discoveredAttack endgame short,https://lichess.org/y6ef8A8O/black#78,,
discoveredAttack,discoveredAttack,fpQr1,5r2/6pk/2N4p/pB6/P3n2P/4N1PK/3r4/4R3 w - - 3 48,c6a5 e4f2 h3h2 f2d3,1626,76,94,1761,advantage discoveredAttack discoveredCheck master middlegame short,https://lichess.org/je9bLzZv#95,,
discoveredAttack,discoveredAttack,hMe6p,r4rk1/pbpq1ppp/1p2pn2/4P3/2P5/P1PB3P/5PP1/R1BQ1RK1 b - - 0 14,f6e8 d3h7 g8h7 d1d7,1328,77,94,9201,crushing discoveredAttack kingsideAttack middlegame short,https://lichess.org/3uy2iGPK/black#28,French_Defense French_Defense_Exchange_Variation,
discoveredAttack,discoveredAttack,ivVsu,5r2/8/5R2/6P1/2k5/P1Br4/1P4Kp/8 b - - 1 46,f8h8 f6f4 c4d5 c3h8,1728,76,96,3217,crushing discoveredAttack endgame short,https://lichess.org/UIu3RWjI/black#92,,
discoveredAttack,discoveredAttack,kV5nf,2n3k1/pp4bp/3p2p1/3Ppb2/P3N3/1P3N2/4BPPP/6K1 w - - 0 23,e4c3 e5e4 f3g5 g7c3,1010,89,95,858,crushing discoveredAttack endgame short,https://lichess.org/jCdbDg65#45,,
discoveredAttack,discoveredAttack,m0dcV,r2qkb1r/ppp2ppp/2n1p3/8/3P4/P1Q2N2/1PP2PPP/R1B1K2R b KQkq - 0 9,g7g6 d4d5 d8d5 c3h8,1520,73,96,27941,crushing discoveredAttack middlegame short,https://lichess.org/VgPcpwBf/black#18,Scandinavian_Defense Scandinavian_Defense_Marshall_Variation,
discoveredAttack,discoveredAttack,naqLl,2r2rk1/5pp1/5n2/3Pp2p/pq2P1PP/1B2Q1R1/1P1N4/1K4R1 b - - 0 28,a4b3 g4h5 f6h5 g3g7,1929,75,90,1398,crushing discoveredAttack kingsideAttack master middlegame short,https://lichess.org/F95OCUrI/black#56,,
discoveredAttack,discoveredAttack,pA2aq,1r5k/3P2pp/1bP5/p2Bq3/PpQp4/6P1/P4p1P/3R2K1 w - - 0 37,g1f2 d4d3 f2g2 e5e2,1579,75,94,2125,crushing discoveredAttack discoveredCheck endgame short,https://lichess.org/ziNVw6bA#73,,
discoveredAttack,discoveredAttack,qiyQ1,1r6/8/Rp1pr1k1/1Pp1n2p/2Pp1B2/3P2P1/4KP2/7R w - - 0 37,a6a7 e5c6 e2f3 c6a7,1317,74,96,23003,crushing discoveredAttack discoveredCheck endgame short,https://lichess.org/s1KEM8Qs#73,,
discoveredAttack,discoveredAttack,sH1YN,8/4kp2/p7/1p1p1P2/1R2p1rP/6P1/PPP2K2/8 w - - 1 32,a2a4 e4e3 f2e3 g4b4,1354,76,94,1030,crushing discoveredAttack endgame rookEndgame short,https://lichess.org/vEzsBkge#63,,
discoveredAttack,discoveredAttack,tnboq,2r2nk1/5pp1/4pP1n/1p1pP1q1/1PrP2P1/2N4Q/2R4N/R6K b - - 0 31,c4b4 c3e4 d5e4 c2c8,2133,75,86,560,advantage discoveredAttack middlegame short,https://lichess.org/Cr1TiqZb/black#62,,
discoveredAttack,discoveredAttack,vJaxf,rq2r1k1/1b1nb2p/pp2NppB/2pnP3/P1B1N3/3P2Q1/1PP3PP/R4RK1 w - - 1 17,e4d6 e7d6 e5d6 e8e6,1398,74,95,4261,advantage discoveredAttack middlegame short,https://lichess.org/jFHMBp63#33,Sicilian_Defense Sicilian_Defense_Closed,
discoveredAttack,discoveredAttack,wvOsn,r3r3/pp4kp/2p2b2/q2n1Q2/3PN3/4P1P1/PP3P1P/R3KB1R w KQ - 1 18,e1e2 d5c3 b2c3 a5f5,1699,75,99,1641,advantage discoveredAttack middlegame short,https://lichess.org/xs9VDfEW#35,English_Opening English_Opening_Kings_English_Variation,
discoveredAttack,discoveredAttack,yTiSh,5r1k/1pp1rnRp/1b6/pP1pN3/P2P4/2PK1P2/3B4/6R1 w - - 1 40,f3f4 f7e5 f4e5 e7g7,1510,77,93,840,crushing discoveredAttack master middlegame short,https://lichess.org/sH9IGiMM#79,,
doubleCheck,doubleCheck,04BBn,r5r1/1p1k1p2/p3b2q/3Bb3/8/P2Q3P/1P3PP1/R4RK1 b - - 0 24,h6h3 d5e6 d7e6 d3h3,1333,75,100,2129,attraction crushing doubleCheck intermezzo middlegame short,https://lichess.org/ozbgYchS/black#48,,
doubleCheck,doubleCheck,1c3Cg,5rk1/p6p/3Rp3/4P3/2PNbpqP/5pP1/PP1Q1P1K/8 w - - 0 29,d4e6 f4g3 h2g1 g3f2,1287,77,93,1261,advancedPawn crushing discoveredCheck doubleCheck endgame short,https://lichess.org/mWHNKRyv#57,,
doubleCheck,doubleCheck,2mRSe,6k1/p5Bp/1p5P/4pp2/3q1p2/4nP1Q/P4KP1/4R3 w - - 2 43,g7e5 e3g4 f2e2 d4e3,2183,78,93,614,crushing doubleCheck endgame short,https://lichess.org/7UaWYz1H#85,,
doubleCheck,doubleCheck,4G9js,1k5r/pPp2ppp/2Nrp3/2R5/P3QK2/q7/6PP/8 b - - 6 27,b8b7 c6a5 b7c8 e4b7,2193,86,91,1541,advantage discoveredCheck doubleCheck endgame short,https://lichess.org/8CKLAWh9/black#54,,
doubleCheck,doubleCheck,5kx5M,r2r4/ppp3k1/3pNpNp/4n2B/4P1P1/8/PB5P/6K1 b - - 0 22,g7f7 e6d8 a8d8 g6e5,1722,78,95,16560,crushing discoveredCheck doubleCheck middlegame short,https://lichess.org/1Fdfo0EO/black#44,,
doubleCheck,doubleCheck,7Rwqa,r2qkb1r/1p3ppp/p4n2/2p5/2B1N1b1/5P2/PPP2P1P/R1BQR1K1 b kq - 0 14,d8d1 e4f6 e8d8 e1d1,1591,78,92,5732,crushing discoveredCheck doubleCheck intermezzo opening short,https://lichess.org/1PHFaIbg/black#28,Vienna_Game Vienna_Game_Stanley_Variation,
doubleCheck,doubleCheck,8aHVB,r4q1r/3nn2p/pp2pkp1/2p2pN1/P2PpP1Q/2P5/2PB2PP/R3K2R b KQ - 7 17,h7h6 g5h7 f6f7 h7f8,1301,76,95,5502,crushing discoveredCheck doubleCheck middlegame short,https://lichess.org/UGDcGpX3/black#34,French_Defense French_Defense_Winawer_Variation,
doubleCheck,doubleCheck,AKlWR,2r2rk1/1p3p2/p4pp1/6q1/1P6/PQ2P1bP/1B3P2/3R1RK1 w - - 0 23,b2f6 g3f2 g1f2 g5f6,1750,78,93,1874,advantage attraction discoveredCheck doubleCheck intermezzo middlegame short,https://lichess.org/n62ogZEr#45,,
doubleCheck,doubleCheck,BtU7B,r2k1b1r/ppN1pppp/5n2/5QN1/q3p3/8/PPnP1PPP/R1BK1B1R w - - 1 11,c7a8 c2e3 d1e2 e3f5,1972,80,93,1654,advantage discoveredCheck doubleCheck middlegame short,https://lichess.org/nD9nmsul#21,Zukertort_Opening Zukertort_Opening_Tennison_Gambit,
doubleCheck,doubleCheck,CuJV9,6k1/p5q1/bp2p1P1/3pP1Q1/2rP4/5r2/5P2/1R2K2R b K - 1 33,c4c8 h1h7 g7h7 g6h7,1340,77,91,2987,advancedPawn crushing discoveredCheck doubleCheck middlegame short,https://lichess.org/J5E7Wxnh/black#66,,
doubleCheck,doubleCheck,EEOy9,2b1k2r/Q6p/p2pP1p1/1p6/2B3q1/8/P1P2K1P/4R3 b - - 1 29,h8f8 a7f7 f8f7 e6f7,1627,76,91,1132,advancedPawn advantage attackingF2F7 discoveredCheck doubleCheck endgame sacrifice short,https://lichess.org/eB3gooyF/black#58,,
doubleCheck,doubleCheck,FfULO,5rk1/ppp1b1pp/2np4/3N4/3P2q1/1Q2Br2/PP3P1P/R3RK2 b - - 3 17,e7h4 d5f6 g8h8 f6g4,1304,80,92,7138,crushing discoveredCheck doubleCheck middlegame short,https://lichess.org/kDkPYKz5/black#34,Philidor_Defense Philidor_Defense_Other_variations,
doubleCheck,doubleCheck,H5ZxC,2bqkb1r/5p1p/3p4/1N1Npp2/rn2P3/2P5/P4PPP/R2QK2R b KQk - 0 14,b4d5 d1a4 d5f4 b5d6,1944,79,89,869,advantage discoveredCheck doubleCheck hangingPiece master middlegame short,https://lichess.org/ajTNrx5R/black#28,Sicilian_Defense Sicilian_Defense_Lasker-Pelikan_Variation,
doubleCheck,doubleCheck,IuTEF,r3kb1r/pp3ppp/1q2pn2/1N1p4/Q3P3/P7/1PP2PPP/R1B1K2R b KQkq - 0 11,a7a6 b5c7 e8d8 c7a8,1160,79,92,2962,crushing discoveredCheck doubleCheck middlegame short,https://lichess.org/zLrkYfkQ/black#22,Sicilian_Defense Sicilian_Defense_Open,
doubleCheck,doubleCheck,KVDtm,8/pp6/2p4p/P1P2PP1/1P4P1/1r6/6r1/K2k1N1R b - - 4 48,h6g5 f1e3 d1d2 e3g2,1005,76,96,2187,advantage discoveredCheck doubleCheck endgame master short,https://lichess.org/k6L9MnqY/black#96,,
doubleCheck,doubleCheck,Lqx2d,r1b1kb1N/ppp1q1pp/2n5/3p4/8/8/PPPPBPPP/RNBKR3 b q - 2 9,e7d6 e2h5 e8d8 h8f7,1722,77,94,7192,crushing discoveredCheck doubleCheck opening short,https://lichess.org/HRROd7w4/black#18,Russian_Game Russian_Game_Italian_Variation,
doubleCheck,doubleCheck,NZcl9,rnbq3r/pp2pkbp/4P1p1/2p5/6n1/5N2/PPPP2PP/RNBQ1RK1 b - - 0 9,c8e6 f3g5 f7g8 g5e6,1295,77,90,763,advantage deflection discoveredCheck doubleCheck opening short,https://lichess.org/1i3nY1kQ/black#18,Sicilian_Defense Sicilian_Defense_McDonnell_Attack,
doubleCheck,doubleCheck,PEQPw,8/p4rk1/2R1N3/3n2pp/8/P5K1/6PP/8 b - - 1 38,g7g6 e6f4 g6f5 f4d5,1748,80,94,1080,crushing discoveredCheck doubleCheck endgame short,https://lichess.org/ZmcZGhCr/black#76,,
doubleCheck,doubleCheck,QY1Op,r1b2rk1/pp5p/1q1p4/3Ppp2/3n4/3PB1PP/PP1Q2B1/R4RK1 w - - 0 20,e3h6 d4f3 g1h1 f3d2,1281,75,99,3675,advantage discoveredCheck doubleCheck master middlegame short,https://lichess.org/mgkvFgvn#39,,
doubleCheck,doubleCheck,SNRsn,r5nr/1p2kbbp/8/pq1B4/4Ppp1/K1P5/PP4PP/RNBQ3R w - - 0 19,d1b3 b5c5 b3b4 a5b4,1543,74,95,37509,crushing discoveredCheck doubleCheck middlegame short,https://lichess.org/Qp7Z4uZh#37,Kings_Gambit_Accepted Kings_Gambit_Accepted_Sorensen_Gambit,
doubleCheck,doubleCheck,TeNz4,r3k2r/pp2qp1p/5pb1/2bPn3/2P1N3/2N5/PP1Q1PPP/R3KB1R w KQkq - 1 15,e4c5 e5f3 e1d1 f3d2,1711,77,90,899,crushing discoveredCheck doubleCheck middlegame short,https://lichess.org/oUEROv2Z#29,Elephant_Gambit Elephant_Gambit_Paulsen_Countergambit,
doubleCheck,doubleCheck,VosN1,r2qkb1r/ppp2pp1/2p1N1bp/8/6P1/8/PPP4P/RNBQR1K1 b kq - 0 14,d8d1 e6g7 e8d8 e1d1,2058,75,95,1715,advantage discoveredCheck doubleCheck intermezzo middlegame short,https://lichess.org/ekicX0YM/black#28,Ruy_Lopez Ruy_Lopez_Berlin_Defense,
doubleCheck,doubleCheck,XruOm,2r3k1/p4p1p/b4Rp1/q7/4P3/3rNP1P/P2N2P1/3QK2R w K - 1 21,e3d5 d3d2 f6a6 d2d1,1808,75,99,570,crushing doubleCheck master middlegame short,https://lichess.org/4yBy0PI7#41,,
doubleCheck,doubleCheck,Z1SUz,4r2k/1p2r3/p1pq1nPP/3p1Q2/1P1P4/P7/1K2p3/4R2R b - - 0 35,d6e6 g6g7 e7g7 h6g7,1099,82,95,869,advancedPawn crushing discoveredCheck doubleCheck middlegame short,https://lichess.org/YJhGWIA4/black#70,,
doubleCheck,doubleCheck,b1YBO,r4Bk1/pp3p2/2p3p1/3p3p/4P2q/3P3b/PPP1B3/R1Q3RK w - - 2 25,c1g5 h3g2 h1g2 h4g5,1297,85,93,9036,attraction crushing discoveredCheck doubleCheck interference kingsideAttack middlegame short,https://lichess.org/zM8XzVqx#49,,
doubleCheck,doubleCheck,cByew,8/4qb2/6pk/5pNp/4p2P/4Q1P1/5P1K/8 b - - 13 47,e7f6 g5f7 h6g7 f7g5,1801,75,86,507,crushing discoveredCheck doubleCheck endgame master masterVsMaster short,https://lichess.org/i8AcL6AG/black#94,,
doubleCheck,doubleCheck,dsZDY,2r4k/p6p/6p1/4P1q1/3pQn2/2N5/PPP5/2KR4 w - - 4 28,e4d4 f4e2 c1b1 e2d4,1109,83,96,3338,crushing discoveredCheck doubleCheck endgame short,https://lichess.org/KqDpjFa8#55,,
doubleCheck,doubleCheck,fDbl6,r1b1k2r/ppp4p/5p1p/2qPp3/2Bn4/2NP1N1P/PPPQ2P1/R5KR w kq - 2 14,c3e4 d4f3 g1f1 f3d2,1188,76,100,706,crushing doubleCheck kingsideAttack middlegame short,https://lichess.org/OiJTUBnU#27,Bishops_Opening Bishops_Opening_Vienna_Hybrid,
doubleCheck,doubleCheck,gyMw9,2r1k2b/5p2/p2p2p1/3qp3/1PnNN1P1/2P5/R3QB2/4K3 b - - 1 27,e5d4 e4f6 e8f8 f6d5,1220,76,92,541,crushing discoveredCheck doubleCheck middlegame short,https://lichess.org/UzXJ0S18/black#54,,
doubleCheck,doubleCheck,ip5Zb,7r/pp1kn1p1/1q3r2/3p1PB1/1b1n3p/2N4B/PP1Q3P/3R1RK1 w - - 0 23,g5f6 d4f3 g1h1 f3d2,1227,79,93,662,advantage discoveredCheck doubleCheck master middlegame short,https://lichess.org/ZS1YwRRR#45,,
doubleCheck,doubleCheck,kP39i,3r2k1/p3bNpp/1p1q4/3p4/8/P1r1PB2/1P2QPPP/5RK1 b - - 0 22,c3e3 f2e3 g8f7 f3d5,2181,74,93,4991,crushing discoveredCheck doubleCheck middlegame short,https://lichess.org/GWT2P8js/black#44,,
doubleCheck,doubleCheck,mJ3Ew,4rbk1/p1p5/3p4/1N1P2q1/3N3p/2P1p1Pb/PPB1Qn1P/4R1K1 w - - 0 32,b5c7 h4g3 e2f3 g3h2,1555,75,89,2141,advancedPawn crushing discoveredCheck doubleCheck kingsideAttack middlegame short,https://lichess.org/KhXAbYTa#63,,
doubleCheck,doubleCheck,nzDjS,2r2rk1/p3ppbp/1p1p2p1/3B3n/2P1N1q1/1Q1P2Pb/PP2PP2/R1B1R1K1 w - - 4 17,e4g5 h5g3 d5f3 g3e2,1523,75,95,4168,crushing discoveredCheck doubleCheck kingsideAttack middlegame short,https://lichess.org/PmI5Tshm#33,English_Opening English_Opening_Other_variations,
doubleCheck,doubleCheck,pcRqb,2rqnrk1/p2nbp2/bp2p1p1/2pp2P1/3P1PN1/2P1P2Q/PP1N3P/R1B1K2R b KQ - 1 15,e8g7 g4h6 g8h8 h6f7,1233,76,97,1782,advantage deflection discoveredCheck doubleCheck kingsideAttack opening short,https://lichess.org/VDGUkl3w/black#30,Queens_Pawn_Game Queens_Pawn_Game_Stonewall_Attack,
doubleCheck,doubleCheck,qzcIW,2r1kb1r/ppqn1ppp/4p3/1B1P4/8/1N3P2/P2BQP1P/1R4K1 b k - 0 23,a7a6 d5e6 a6b5 e6d7,2029,77,88,856,advancedPawn crushing discoveredCheck doubleCheck middlegame short,https://lichess.org/ccv1v5rf/black#46,,
doubleCheck,doubleCheck,sb6YC,r3k2r/pp3pp1/1qnbpn2/1N1pN3/Q2P4/3P3P/PP1B4/2K2R1R b kq - 7 17,d6e5 d4e5 c6e5 b5c7,1890,77,92,675,advantage discoveredCheck doubleCheck middlegame short,https://lichess.org/OtV7bu7j/black#34,Caro-Kann_Defense Caro-Kann_Defense_Exchange_Variation,
doubleCheck,doubleCheck,u9c3Z,2r2k2/5Pp1/3R4/7p/1B3r2/1K6/1PP5/8 b - - 3 33,c8b8 d6d8 f8f7 d8b8,1505,79,92,13852,crushing discoveredCheck doubleCheck endgame master short,https://lichess.org/QEZ5C4DW/black#66,,
doubleCheck,doubleCheck,vdsS0,1r3rk1/p3qn1p/1n4p1/2ppNp2/5P2/2BPP1QP/P5P1/R4R1K b - - 1 23,b6a4 e5g6 a4c3 g6e7,1464,79,94,6089,crushing discoveredCheck doubleCheck kingsideAttack middlegame short,https://lichess.org/vIGu0f7y/black#46,,
doubleCheck,doubleCheck,xAOml,rn1q1b1r/pp3kpp/2pp3n/4P3/4P1b1/5N2/PPPP2PP/RNBQ1RK1 b - - 0 7,d6e5 f3e5 f7e8 e5g4,1313,76,96,5952,advantage discoveredCheck doubleCheck opening short,https://lichess.org/MuZPrKeQ/black#14,Bishops_Opening Bishops_Opening_Philidor_Counterattack,
doubleCheck,doubleCheck,yMCum,r2qr1k1/pp3ppp/4b3/3p2P1/3p4/PB1P4/1PP1KPP1/R1Q3R1 w - - 1 18,c1f4 e6g4 e2f1 g4e2,1066,76,89,1347,crushing discoveredCheck doubleCheck middlegame short,https://lichess.org/VcbgoxF6#35,Caro-Kann_Defense Caro-Kann_Defense_Hillbilly_Attack,
trappedPiece,trappedPiece,008nF,2rq1rk1/7p/1n4pb/1R2p3/pPpP1P2/P1B5/3NQ1PP/2R3K1 w - - 0 31,e2e5 f8e8 e5e8 d8e8,2132,85,90,835,crushing master middlegame short trappedPiece,https://lichess.org/tYO5rrIU#61,,
trappedPiece,trappedPiece,1aV00,2rq2k1/p2Q1ppp/1p6/n1p5/8/P1P1PN2/5PPP/5RK1 w - - 2 25,d7a7 c8a8 a7a8 d8a8,1306,74,94,13952,crushing endgame master short trappedPiece,https://lichess.org/qtez4hLh#49,,
trappedPiece,trappedPiece,33NoI,r1bqkb1r/2pnpppp/pp3n2/4N3/2BP4/8/PPP2PPP/RNBQK2R b KQkq - 1 7,e7e6 e5c6 c8b7 c6d8,1494,75,75,686,crushing opening short trappedPiece,https://lichess.org/8g1GKG7r/black#14,Pirc_Defense Pirc_Defense_Other_variations,
trappedPiece,trappedPiece,4XW5f,5r2/2k2P1R/8/Rp6/8/p4rP1/7P/7K w - - 2 41,h1g2 c7b6 a5a3 f3a3,2030,79,91,688,crushing endgame rookEndgame short trappedPiece,https://lichess.org/L8Fiano1#81,,
trappedPiece,trappedPiece,68mMu,3rr2k/7p/p4p2/1p1PqN2/2P1npp1/3Q4/P4BP1/R4RK1 w - - 3 35,f5h6 e5h5 h6g4 h5g4,2076,78,92,4294,advantage middlegame short trappedPiece,https://lichess.org/84h0Gapd#69,,
trappedPiece,trappedPiece,7hTMh,r1bq1r2/5pkp/p3p1p1/1p1p3n/2pP4/2P1PNQ1/PPB2PPP/4RRK1 w - - 4 17,g3e5 f7f6 e5h5 g6h5,1401,77,93,1536,crushing defensiveMove middlegame short trappedPiece,https://lichess.org/3OTOSI07#33,Queens_Pawn_Game Queens_Pawn_Game_Accelerated_London_System,
trappedPiece,trappedPiece,9DXYX,1r4k1/p1b2ppp/1p1Q1n2/2r5/8/2N4P/PPP2PP1/R5K1 w - - 3 25,d6e7 b8e8 e7c5 b6c5,1575,75,97,1861,advantage middlegame short trappedPiece,https://lichess.org/IFulr2T7#49,,
trappedPiece,trappedPiece,Aml1o,r1bqk2r/1p1pbpp1/p1n1p1np/8/N1B1P3/4BN2/PP2QPPP/R2R2K1 b kq - 5 11,b7b5 e3b6 b5a4 b6d8,1219,78,90,5370,advantage middlegame short trappedPiece,https://lichess.org/AmJL4QAk/black#22,Sicilian_Defense Sicilian_Defense_Smith-Morra_Gambit_Accepted,
trappedPiece,trappedPiece,CLXqt,8/2k2p1p/3Rp1p1/p1P5/1r3P1P/rPK3P1/8/1R6 b - - 6 38,b4e4 c3b2 a3b3 b2b3,1828,75,94,3021,advantage endgame master rookEndgame short trappedPiece,https://lichess.org/lHChXcbH/black#76,,
trappedPiece,trappedPiece,Dvhzi,8/1p6/p4kp1/r6p/P1P4R/3PKP1P/6P1/8 w - - 0 44,g2g4 f6g5 g4h5 g5h4,1774,75,90,1944,advantage endgame rookEndgame short trappedPiece,https://lichess.org/vG44QZCu#87,,
trappedPiece,trappedPiece,FZWDD,r4rk1/1pbbqpp1/4p2p/pQ6/1nPpN3/P2P1NP1/1P3PBP/4RRK1 w - - 10 17,b5b7 d7c6 b7c7 e7c7,1570,77,91,2665,advantage master middlegame short trappedPiece,https://lichess.org/jC1QXKfn#33,Kings_Indian_Attack Kings_Indian_Attack_Other_variations,
trappedPiece,trappedPiece,H8Q8G,8/3bk3/1R6/1p2p2p/1P2P2P/2P2P2/5Kn1/8 b - - 19 51,g2h4 f2g3 h4f5 e4f5,1580,75,94,6130,crushing endgame master short trappedPiece,https://lichess.org/cqJ15du9/black#102,,
trappedPiece,trappedPiece,InysS,3r1rk1/4qpbp/pp4p1/2nQp3/8/4PN1P/PP3PPB/1R3RK1 w - - 3 19,d5c6 d8d6 c6d6 e7d6,1717,75,86,827,crushing middlegame short trappedPiece,https://lichess.org/YNgho8Z0#37,Indian_Defense Indian_Defense_Other_variations,
trappedPiece,trappedPiece,KFWzt,5rk1/ppp2ppp/2bp4/8/1Q6/2P1B3/PPP1rPqP/1K1R2R1 b - - 1 19,g2h2 b4g4 g7g6 g4e2,1853,76,92,1153,crushing middlegame short trappedPiece,https://lichess.org/iR6hGi39/black#38,Russian_Game Russian_Game_Three_Knights_Game,
trappedPiece,trappedPiece,Lj7Pe,1k5r/p1p1bppp/Qp5n/3rP3/3p1P2/6P1/PPP4P/3RR1K1 w - - 2 22,c2c4 d5a5 a6a5 b6a5,1318,78,91,2110,advantage master middlegame short trappedPiece,https://lichess.org/ZDzfEG99#43,,
trappedPiece,trappedPiece,NNmJt,r1bqk2r/pp3p2/2p2n1p/2bpp1p1/2B1P3/2NP1QB1/PPP2PPP/2KR3R w kq - 0 11,e4d5 c8g4 d5c6 g4f3,1536,75,93,1905,advantage middlegame short trappedPiece,https://lichess.org/nr8o2iro#21,Italian_Game Italian_Game_Giuoco_Pianissimo,
trappedPiece,trappedPiece,OxIwa,R7/5p1p/4pk2/3p2p1/8/4P2P/5KPr/8 b - - 7 40,g5g4 f2g1 h2h3 g2h3,1944,80,91,1456,advantage endgame rookEndgame short trappedPiece,https://lichess.org/INGGJZgg/black#80,,
trappedPiece,trappedPiece,QXUav,r1r3k1/pp3ppp/3qp3/3n4/3P4/1Q3N2/PP3PPP/R4RK1 w - - 2 17,b3b7 c8b8 b7a8 b8a8,1502,76,92,2830,advantage middlegame short trappedPiece,https://lichess.org/GWXZwdQ7#33,Sicilian_Defense Sicilian_Defense_Delayed_Alapin_Variation,
trappedPiece,trappedPiece,S308J,6r1/p4q1k/2ppp2p/1p2p3/4PpQN/3P4/PPP4K/5R2 w - - 4 26,g4h3 g8g3 h3g3 f4g3,1389,76,100,546,advantage endgame short trappedPiece,https://lichess.org/k5jPdsAU#51,,
trappedPiece,trappedPiece,TYE6f,r1b1k2r/p1pp1ppp/8/3nP3/3P4/1QPB4/P2K1PPP/qNR5 b kq - 0 16,e8g8 b1a3 a1c1 d2c1,1928,77,91,3190,advantage middlegame quietMove short trappedPiece,https://lichess.org/3kaw2teu/black#32,Englund_Gambit_Complex Englund_Gambit_Complex_Englund_Gambit,
trappedPiece,trappedPiece,V4H6g,4r1k1/1R3p2/3p1qpp/2pP1p2/b7/2R1P2P/1Q2BPPK/r7 b - - 5 28,a1a2 b2a2 f6c3 a2a4,1280,81,91,764,advantage middlegame short trappedPiece,https://lichess.org/QLdb133o/black#56,,
trappedPiece,trappedPiece,WZfSx,5rk1/p7/4pp2/1PNbq1p1/P1pB4/2P3RP/5R1K/8 b - - 5 35,e5e1 g3g1 e1f2 d4f2,1881,78,93,6226,crushing middlegame short trappedPiece,https://lichess.org/6itth8re/black#70,,
trappedPiece,trappedPiece,Y6hUP,8/8/4k1p1/p5P1/P1P4p/2K5/1r1p4/3R4 b - - 1 44,b2a2 c3b3 a2a4 b3a4,1902,75,95,9828,crushing endgame rookEndgame short trappedPiece,https://lichess.org/4doDR0cH/black#88,,
trappedPiece,trappedPiece,Zlz86,r1b2rk1/pp2ppbp/2np1np1/8/4PP2/2PBqN1P/PP1NQ1P1/R1B1K2R b KQ - 6 11,e3f4 d2f1 f4c1 a1c1,1871,75,96,4150,advantage opening quietMove short trappedPiece,https://lichess.org/3Z8ZHrsv/black#22,Indian_Defense Indian_Defense_Other_variations,
trappedPiece,trappedPiece,bIG0a,5k1r/3b2b1/pp5p/2ppn1pQ/8/1NP1PNKP/PP4P1/8 w - - 0 26,g3f2 d7e8 f3e5 e8h5,1779,74,91,2350,crushing middlegame short trappedPiece,https://lichess.org/xknQIJ4s#51,,
trappedPiece,trappedPiece,coOLg,2rr2k1/3bbppp/p2pp3/1p2q1P1/4P2P/1N1B1P2/PPPQ4/2KR3R b - - 3 17,d7c6 f3f4 e5e4 d3e4,1351,75,87,1105,crushing middlegame short trappedPiece,https://lichess.org/ANkzkO2P/black#34,Sicilian_Defense Sicilian_Defense_Najdorf_Variation,
trappedPiece,trappedPiece,eL5ym,4rrk1/1bpn1ppp/pp6/4p3/3qN3/PB1P3P/1PP1QPP1/3RR1K1 b - - 3 21,g8h8 c2c3 d4d5 b3d5,1577,75,90,2572,crushing middlegame short trappedPiece,https://lichess.org/lro08Dp9/black#42,,
trappedPiece,trappedPiece,frfR0,r1b1k1nQ/pppp1q1p/2n3p1/2b5/8/2N5/PPPPBPPP/R1B2RK1 w q - 6 11,d2d3 c5d4 h8g8 f7g8,1478,77,93,2266,advantage opening short trappedPiece,https://lichess.org/d51tqTHy#21,Kings_Pawn_Game Kings_Pawn_Game_Damiano_Defense,
trappedPiece,trappedPiece,hY7kO,rn2kb1r/pp1b1ppp/4pq2/8/3P4/3B1N2/PP3PPP/R1BQK2R b KQkq - 0 9,b8c6 c1g5 f6g5 f3g5,1295,75,94,647,advantage opening short trappedPiece,https://lichess.org/Lv2wmAR1/black#18,French_Defense French_Defense_Tarrasch_Variation,
trappedPiece,trappedPiece,j4WpQ,r1b1k2r/pp1pppbp/6p1/3q3P/3p4/3P4/PPPBBPP1/R2QK2R b KQkq - 0 11,d5g2 e2f3 g2h1 f3h1,1176,75,94,11767,advantage middlegame short trappedPiece,https://lichess.org/2O8huldw/black#22,Sicilian_Defense Sicilian_Defense_Hyperaccelerated_Dragon,
trappedPiece,trappedPiece,kcV3G,6k1/pp1r1p2/2p2Qp1/b1PbPpNq/P2P4/3R3P/5PP1/R5K1 w - - 7 29,d3g3 a5d8 f6d8 d7d8,1580,74,95,25236,crushing middlegame short trappedPiece,https://lichess.org/BHXcpmhm#57,,
trappedPiece,trappedPiece,mExVA,8/1Rpk4/3p1pp1/3P3p/1P1PPp2/5P1P/r5PK/8 w - - 3 44,b4b5 d7c8 b7a7 a2a7,1614,75,98,1464,crushing endgame master rookEndgame short trappedPiece,https://lichess.org/yPnZI5rn#87,,
trappedPiece,trappedPiece,niBLa,r4bk1/5p1p/2q3p1/4p3/2b1P3/2P1B1NP/r4PP1/1RQR2K1 w - - 1 25,g3f1 f8a3 c1d2 a2d2,1664,74,96,15612,advantage middlegame short trappedPiece,https://lichess.org/6rxUo3P3#49,,
trappedPiece,trappedPiece,pGTze,5rk1/1pprnpp1/p2p2bp/3Pp3/2B1P3/PN1P3P/1PP2RP1/R5K1 w - - 0 22,a1f1 b7b5 b3d2 b5c4,1292,76,83,880,advantage middlegame short trappedPiece,https://lichess.org/KmqSzWjg#43,,
trappedPiece,trappedPiece,qnMQ2,4r3/pp2kpp1/2p2n2/q1Pp1B2/3Pp1Q1/1P2b3/P2N4/R1B1K1N1 w Q - 0 23,g4g7 e8g8 g7g8 f6g8,1525,77,92,1167,advantage middlegame short trappedPiece,https://lichess.org/klFc9ES9#45,,
trappedPiece,trappedPiece,sMUY9,5r2/ppk5/2pbR3/8/1P1p1p2/P2P4/2P2PBr/R4K2 w - - 0 30,e6g6 f4f3 g2f3 f8f3,1298,76,98,1625,advantage endgame short trappedPiece,https://lichess.org/QeGK57j8#59,,
trappedPiece,trappedPiece,twkiD,r3r1k1/ppqnbppp/4pn2/2pp4/4P3/1P1P2NP/PBPNQPP1/R4RK1 b - - 3 12,b7b5 e4e5 d5d4 e5f6,1696,76,95,12874,advantage master middlegame short trappedPiece,https://lichess.org/UeW3GK31/black#24,Sicilian_Defense Sicilian_Defense_Snyder_Variation,
trappedPiece,trappedPiece,vQCul,7b/2p2p1k/pp5p/5PpN/2P3P1/1P3rP1/P2K3R/8 b - - 8 48,h8c3 d2e2 f3g3 h5g3,1234,76,89,2642,crushing defensiveMove endgame short trappedPiece,https://lichess.org/SwNtS6F0/black#96,,
trappedPiece,trappedPiece,wx79c,r5k1/pp1n1p1p/2p2np1/2Pp1q2/3P4/PP4PP/3QBPK1/4R3 b - - 3 28,a8e8 e2g4 e8e1 g4f5,1536,75,89,573,advantage middlegame short trappedPiece,https://lichess.org/q3FFQsO0/black#56,,
trappedPiece,trappedPiece,yTJZj,6r1/ppp1k3/2np1q1p/4pb1Q/8/2PP4/P1P2PBP/4RRK1 w - - 1 21,g1h1 f5g4 h5g4 g8g4,1800,75,94,1221,advantage middlegame short trappedPiece,https://lichess.org/6Quzg6Sk#41,,
hangingPiece,freePiece,000lC,3r3r/pQNk1ppp/1qnb1n2/1B6/8/8/PPP3PP/3R1R1K w - - 5 19,d1d6 d7d6 b7b6 a7b6,1349,77,94,4662,advantage hangingPiece middlegame short,https://lichess.org/vaqz2bx6#37,,
hangingPiece,freePiece,1YJ1D,r2r4/p5kp/2p3p1/2P1bp2/2BBp3/4P1q1/PPK5/R5Q1 b - - 3 25,g3g1 d4e5 g7f8 a1g1,1230,83,93,6087,advantage hangingPiece intermezzo middlegame short,https://lichess.org/HsOoREdH/black#50,,
hangingPiece,freePiece,31fCX,2kr3r/ppp3pp/3b4/5p2/4B2q/P1NPPPnP/1PP2Q2/R1K3R1 w - - 0 20,e4f5 g3f5 f2h4 f5h4,1153,91,93,1336,crushing hangingPiece middlegame short,https://lichess.org/Lkk8D6KY#39,,
hangingPiece,freePiece,4WTln,4rrk1/2p2pp1/p6p/5P2/6Q1/2R1p3/PqR2PPP/6K1 b - - 1 24,b2c2 c3c2 e3e2 c2e2,1181,75,94,4374,crushing endgame hangingPiece short,https://lichess.org/HGYDklw9/black#48,,
hangingPiece,freePiece,65leP,5rk1/p2r1ppp/1p1b4/3N1b2/4p3/2P1B1P1/PP3P1P/R2R2K1 w - - 1 19,d5e7 d6e7 d1d7 f5d7,1460,76,86,1267,advantage hangingPiece middlegame short,https://lichess.org/4BbBeC1Q#37,Caro-Kann_Defense Caro-Kann_Defense_Exchange_Variation,
hangingPiece,freePiece,7efWZ,8/8/8/2B5/1p1P1b2/1Pp2k1r/2P2P2/4R1K1 w - - 0 54,c5d6 f4d6 e1e3 f3g4,1603,74,87,1364,crushing endgame hangingPiece short,https://lichess.org/xJt4CzlA#107,,
hangingPiece,freePiece,9GqZm,r4rk1/pp3pbp/4b1p1/q3P2P/1p2P1n1/P2B1N2/1PPB2P1/2KR1Q1R b - - 1 17,b4a3 d2a5 a3a2 c1d2,1100,77,94,919,advantage defensiveMove hangingPiece middlegame short,https://lichess.org/gMt93PXB/black#34,Pirc_Defense Pirc_Defense_Other_variations,
hangingPiece,freePiece,AmIns,r1bq2k1/1p3rb1/p1pp2Np/5p2/4PN2/3P2Q1/PP4P1/2KR3R w - - 2 24,h1h6 g7h6 g6e7 g8f8,1147,78,91,1017,crushing hangingPiece middlegame short,https://lichess.org/KnqOfuvy#47,,
hangingPiece,freePiece,CMoeO,1Rr3k1/2P1Rr2/8/8/8/6K1/6N1/6q1 b - - 1 49,g1a7 b8c8 g8g7 c8g8,2120,77,92,5091,crushing endgame hangingPiece short,https://lichess.org/AUcHOQgc/black#98,,
hangingPiece,freePiece,DoK7h,1r6/3k4/1rpNp1p1/2QnP3/P2PB2p/4q2P/R5P1/7K b - - 0 44,e3e4 d6e4 b6b1 h1h2,1008,76,97,593,crushing hangingPiece middlegame short,https://lichess.org/tBAaoHt2/black#88,,
hangingPiece,freePiece,FQLBZ,6k1/8/pB5p/Pp2r1p1/1b3n2/6PP/P2Rp3/4R1K1 w - - 1 39,g3f4 b4d2 f4e5 d2e1,1101,83,96,1159,crushing endgame hangingPiece master short,https://lichess.org/Se9qQNSH#77,,
hangingPiece,freePiece,Gvf74,r4rk1/1p2bpp1/1nb1p2p/p3P3/Pn2N3/1BN1B3/1P1R1PPP/R5K1 b - - 0 18,a8d8 e3b6 d8d2 e4d2,1853,77,91,1601,crushing hangingPiece middlegame short,https://lichess.org/IMiuZMxb/black#36,Sicilian_Defense Sicilian_Defense_Alapin_Variation,
hangingPiece,freePiece,IUojU,2r5/6k1/p1nB2pp/4p3/1P2P3/P1RP1PNb/8/6K1 w - - 0 36,d6e5 c6e5 c3c8 h3c8,1663,78,93,1346,crushing endgame hangingPiece short,https://lichess.org/syQsq766#71,,
hangingPiece,freePiece,K4cSY,6k1/1p2qp2/2p5/p5rp/P3Pp2/Q3nP1P/1P5K/3B2R1 b - - 6 36,e7a3 g1g5 g8f8 b2a3,1506,77,94,2758,crushing endgame hangingPiece intermezzo master short,https://lichess.org/G6lKupcU/black#72,,
hangingPiece,freePiece,LjgFW,8/8/2B5/8/p2K4/kp6/8/8 w - - 0 72,c6a4 a3a4 d4c3 a4a3,1534,76,100,678,crushing defensiveMove endgame hangingPiece master short,https://lichess.org/zWiBAdKW#143,,
hangingPiece,freePiece,NHC3h,rnb2rk1/4ppbp/pq1p1npB/1p3P2/3NP3/2NB4/PPPQ2PP/R4RK1 w - - 3 13,h6g7 b6d4 g1h1 g8g7,1367,77,92,9419,advantage hangingPiece intermezzo middlegame short,https://lichess.org/4i3hFl0C#25,Sicilian_Defense Sicilian_Defense_Najdorf_Variation,
hangingPiece,freePiece,OsQMn,r4bk1/pppq1ppp/3p4/3P1bN1/1P2pP1P/P2nP1P1/2QPB3/R4K1R w - - 1 18,g5e4 f5e4 e2d3 e4h1,1642,76,93,1465,advantage hangingPiece middlegame short,https://lichess.org/OwYRnMvW#35,English_Opening English_Opening_Kings_English_Variation,
hangingPiece,freePiece,QPd6n,r1b3k1/ppp2pp1/6qp/3p4/3Rr3/2P1PN1P/PPQ2PP1/4R1K1 w - - 2 19,f3e5 e4e5 c2g6 f7g6,1551,78,91,1530,advantage hangingPiece middlegame short,https://lichess.org/DBYuMKB1#37,Queens_Pawn_Game Queens_Pawn_Game_London_System,
hangingPiece,freePiece,RudNA,1r6/r1n1kp1p/BP1p2p1/4p3/1PN4P/2n1P3/6P1/R4RK1 b - - 0 28,a7a6 b6c7 b8c8 a1a6,1310,74,96,16853,advancedPawn capturingDefender crushing hangingPiece intermezzo middlegame short,https://lichess.org/rcVW2xDR/black#56,,
hangingPiece,freePiece,TRDiM,3rkb1r/pp2pppp/5n2/q7/3nB3/2P1B3/PP4PP/RN1QK2R b KQk - 0 13,d4f3 d1f3 f6e4 f3e4,1368,80,93,3715,crushing hangingPiece opening short,https://lichess.org/4mfdu2Td/black#26,Sicilian_Defense Sicilian_Defense_Old_Sicilian,
hangingPiece,freePiece,V0Nj8,4rrk1/pp4p1/2n4p/1N1p1p1n/5q2/1P1B4/PBP3K1/R2Q2R1 b - - 3 21,e8e3 d1h5 e3g3 g2h1,1732,78,94,2449,advantage hangingPiece middlegame short,https://lichess.org/vuCMhHcO/black#42,,
hangingPiece,freePiece,WYvsO,4R3/5pkp/1pBr2p1/b1pP4/1q6/6QP/5PP1/6K1 b - - 8 34,b4c3 g3d6 c3a1 g1h2,1306,76,98,1609,crushing endgame hangingPiece short,https://lichess.org/oRK1gPUs/black#68,,
hangingPiece,freePiece,Y6lHJ,r2qk2r/pppn1ppp/3b1n2/3p4/3P4/P1NQP3/1P3PPP/R1B1K1NR w KQkq - 1 10,c3d5 f6d5 d3e4 d5e7,1310,77,92,5078,advantage defensiveMove hangingPiece opening short,https://lichess.org/To3Qdeug#19,Saragossa_Opening Saragossa_Opening_Other_variations,
hangingPiece,freePiece,Zhyo1,8/p5n1/1p2k1PK/7p/1P6/8/8/4B3 b - - 4 44,h5h4 h6g7 h4h3 e1g3,1658,76,94,3261,crushing defensiveMove endgame hangingPiece short,https://lichess.org/FSYofsuf/black#88,,
hangingPiece,freePiece,bFm5M,2r2rk1/4b2p/pp3p2/3qpP2/P1pnN3/4B2P/1PP3P1/R2Q1RK1 w - - 1 21,c2c3 d5e4 e3d4 e5d4,1514,77,94,11195,crushing hangingPiece middlegame short,https://lichess.org/itMkARbq#41,,
hangingPiece,freePiece,cmT7x,5rk1/ppp1bppp/6n1/4P3/1PPrNP2/P5B1/4K1PP/R6R w - - 0 17,h1d1 d4e4 e2f3 e4c4,1355,77,94,1701,advantage hangingPiece middlegame short,https://lichess.org/sjUaHdLh#33,Queens_Gambit_Declined Queens_Gambit_Declined_Albin_Countergambit,
hangingPiece,freePiece,eQ75Q,r3n1k1/5ppp/pn1bp3/P7/1P6/1B2P3/1BR2PPP/6K1 b - - 0 23,a8c8 a5b6 c8c2 b3c2,1573,76,91,4519,advantage hangingPiece middlegame short,https://lichess.org/hCTCAVnX/black#46,,
hangingPiece,freePiece,fuGKN,4r3/p1pk4/2p1r2p/6p1/5bR1/N1PbB3/PP3PPP/3R2K1 b - - 3 24,f4e3 d1d3 e6d6 d3d6,1672,76,92,1846,advantage hangingPiece middlegame short,https://lichess.org/Kt17wKsU/black#48,,
hangingPiece,freePiece,hQcCT,r4rk1/p4p1p/n1Q1p1p1/5n2/1q6/1B3N2/PPR2PPP/5RK1 b - - 0 21,f8c8 c6a6 c8c2 b3c2,1519,78,94,9103,advantage hangingPiece middlegame short,https://lichess.org/SnMfcpeJ/black#42,,
hangingPiece,freePiece,j2p2a,2rqk2r/pp1bbpp1/4p2p/3pP3/3P4/2PB4/PP1N2PP/R2Q1RK1 w k - 1 14,f1f7 e8f7 d1h5 f7g8,1772,77,87,639,advantage defensiveMove hangingPiece master masterVsMaster middlegame short,https://lichess.org/qsXAWa7n#27,Trompowsky_Attack Trompowsky_Attack_Classical_Defense,
hangingPiece,freePiece,kY7MD,3r2k1/pp3pb1/2p2npp/2n1p3/2P1P3/2N1BP1q/PPB1Q2P/5RK1 b - - 1 22,f6h5 e3c5 h5f4 e2f2,1590,76,93,773,advantage defensiveMove hangingPiece middlegame short,https://lichess.org/aIgZBRMt/black#44,,
hangingPiece,freePiece,m3JFk,3rr2k/1p3pb1/7p/pQp1p1p1/P3Pn2/1P5P/1qP2PPB/1B1RRK2 b - - 13 27,d8d1 b5e8 h8h7 e1d1,1229,75,96,1359,crushing hangingPiece intermezzo middlegame short,https://lichess.org/l3bMdYmV/black#54,,
hangingPiece,freePiece,nZivO,r4rk1/5pp1/pq1pp1bp/8/3pP3/1P1Bb1Q1/P1P2N1P/3R1RK1 b - - 0 24,f7f5 g3g6 f8f6 g6g2,2155,75,92,1908,advantage hangingPiece middlegame short,https://lichess.org/fK0b7rRc/black#48,,
hangingPiece,freePiece,p6jS6,2kr1r2/2p3pp/2q1p3/8/1n1Pp3/RB6/1P2QPPP/5RK1 w - - 0 22,b3e6 c6e6 e2b5 e6b6,2197,83,90,1054,advantage hangingPiece middlegame short,https://lichess.org/WIX9gfAO#43,,
hangingPiece,freePiece,qau0A,1br1r1k1/5ppp/6n1/pq6/2N1R1Q1/P6P/1B3PP1/4R1K1 b - - 4 25,e8e4 g4c8 g6f8 e1e4,1201,87,96,923,crushing hangingPiece intermezzo middlegame short,https://lichess.org/T0xu4W75/black#50,,
hangingPiece,freePiece,s6LAR,6k1/5pp1/8/1p3P2/1P1nPp2/2K5/8/1N6 b - - 1 37,f4f3 c3d4 f3f2 b1d2,1358,83,91,2402,crushing defensiveMove endgame hangingPiece knightEndgame short,https://lichess.org/E12XyXg6/black#74,,
hangingPiece,freePiece,tgT0v,8/1B2k3/4P2b/1p5p/p2q1pp1/6n1/PPP2NP1/R1B1R1K1 w - - 0 28,c1f4 h6f4 a1d1 f4d2,2175,91,88,953,advantage hangingPiece middlegame short,https://lichess.org/oWOHUqhG#55,,
hangingPiece,freePiece,vLjy4,1r4k1/2Nr1ppp/8/8/8/2Rb1P1P/PP4P1/2R3K1 w - - 7 23,c7d5 d7d5 c3c8 d5d8,1636,79,94,2499,advantage endgame hangingPiece short,https://lichess.org/tvbWwGOb#45,,
hangingPiece,freePiece,wpd4B,5k2/1p1R3p/5rp1/pNp3Q1/PnB2q2/6nP/1PP3P1/6K1 w - - 8 31,g5h6 f4h6 d7d8 f8e7,1380,77,88,938,crushing hangingPiece master middlegame short,https://lichess.org/oiUdAFAl#61,,
hangingPiece,freePiece,yRpiV,2q2r1k/2p3p1/1p5p/p7/P1P3Q1/2P2n2/R5KP/4R3 w - - 0 30,g4c8 f3e1 g2g3 f8c8,1515,77,92,872,crushing endgame hangingPiece intermezzo master short,https://lichess.org/MX1pEOsS#59,,
capturingDefender,removesDefender,00Bp0,1r2kr2/pp3p1p/2b1pn2/4N3/2P5/1N1B4/P3KP1P/6R1 b - - 4 21,f6e4 e5c6 b7c6 d3e4,1229,79,93,8714,advantage capturingDefender middlegame short,https://lichess.org/GN8F9TsL/black#42,,
capturingDefender,removesDefender,1e9Mg,r3r1k1/ppp2qbp/2np2p1/5bB1/2P5/1PN2P1P/P2QB1P1/3R1RK1 w - - 0 18,g2g4 g7c3 d2c3 e8e2,1790,75,90,1568,capturingDefender crushing master middlegame short,https://lichess.org/xbnPwJtO#35,English_Opening English_Opening_Great_Snake_Variation,
capturingDefender,removesDefender,34USS,r4rk1/ppp3b1/5qpp/4np2/4nN2/2P2N1Q/PP4PP/R1B2RK1 b - - 1 17,c7c6 f3e5 f6e5 f4g6,1292,76,95,5424,advantage capturingDefender middlegame short,https://lichess.org/a7BQxSTS/black#34,Pirc_Defense Pirc_Defense_Austrian_Attack,
capturingDefender,removesDefender,4fUZr,r1rq4/3n1k1p/b1nbpPpP/p2p2P1/Pp1P4/1P2BN2/2B1NP2/R3Q1RK w - - 1 27,e3f4 a6e2 e1e2 d6f4,1472,76,95,25334,advantage capturingDefender middlegame short,https://lichess.org/bs5YGVlB#53,,
capturingDefender,removesDefender,63nla,r1b1kb1r/p2ppp1p/1pn1qnp1/8/2B1P3/2B3N1/P1R2PPP/3QK1NR b Kkq - 4 14,e6d6 d1d6 e7d6 c3f6,1632,77,92,2441,advantage capturingDefender opening short,https://lichess.org/OQpW04WO/black#28,Indian_Defense Indian_Defense_Pawn_Push_Variation,
capturingDefender,removesDefender,7eR5F,r1bqk2r/ppp2p2/1bnp1n2/4p1B1/2B1P3/2PP4/PP3PPP/RN1Q1RK1 b kq - 0 10,h8h5 g5f6 d8f6 d1h5,1065,81,86,1249,advantage capturingDefender opening short,https://lichess.org/miMxFnvm/black#20,Italian_Game Italian_Game_Classical_Variation,
capturingDefender,removesDefender,94Eia,r5k1/pp3pp1/2p1r2p/2PpR3/3P1n2/5PKP/PPB2P2/5R2 b - - 6 28,f4g6 e5e6 f7e6 c2g6,1670,77,92,4165,capturingDefender crushing endgame short,https://lichess.org/JzJNOCWr/black#56,,
capturingDefender,removesDefender,AbKBc,4k3/pp3p2/q2rbQn1/4p3/4P1P1/1P6/P1PN3R/1K3R2 w - - 1 29,f6f2 d6d2 f2d2 a6f1,1376,77,93,9640,advantage capturingDefender deflection middlegame short,https://lichess.org/br1ZbxS0#57,,
capturingDefender,removesDefender,C9P8l,r4rk1/1bp2pp1/p2q1n1p/1pp1R3/8/3P1NNP/PPP2PP1/R1BQ2K1 w - - 3 16,c1e3 b7f3 d1f3 d6e5,1141,81,93,2228,advantage capturingDefender middlegame short,https://lichess.org/ZgFMmAaB#31,Ruy_Lopez Ruy_Lopez_Berlin_Defense,
capturingDefender,removesDefender,Dk4Mr,3r3r/1p2k1pp/3ppn2/4p1Q1/2q1P3/5N1P/5PP1/3RR1K1 b - - 3 24,e7f7 d1d6 c4c7 f3e5,1854,78,91,940,capturingDefender crushing middlegame short,https://lichess.org/OjJ2uwJb/black#48,,
capturingDefender,removesDefender,FGJOi,r4rk1/1bq1bppp/p3pn2/4p1B1/2p1P3/P3Q3/BPP1NPPP/R4RK1 b - - 1 16,b7e4 g5f6 g7f6 e3e4,1163,75,94,1942,advantage capturingDefender intermezzo middlegame short,https://lichess.org/99RjuLIx/black#32,Sicilian_Defense Sicilian_Defense_Moscow_Variation,
capturingDefender,removesDefender,Gs4Lr,5rk1/6pp/8/1N1npp2/1n1p4/1PrP2P1/2PN1P1P/R1R3K1 b - - 0 28,b4c2 b5c3 d4c3 c1c2,1184,75,98,1444,advantage capturingDefender intermezzo master middlegame short,https://lichess.org/ww8Z7tk0/black#56,,
capturingDefender,removesDefender,IRsEN,r3k2r/q3ppb1/7p/3PP3/bpPP2p1/pNnB1NP1/P1Q2PP1/K1R4R w kq - 0 32,f3h4 a4b3 c2b3 a7d4,1571,76,100,600,advantage capturingDefender middlegame short,https://lichess.org/bXetM8S2#63,,
capturingDefender,removesDefender,Jqd1y,r5k1/pp3ppp/5n2/4b2q/6b1/2N2P2/PP1QB1PP/R4RK1 w - - 0 19,f3f4 e5c3 d2c3 g4e2,1716,77,93,1771,advantage capturingDefender middlegame short,https://lichess.org/gTsbddpA#37,,
capturingDefender,removesDefender,LLfnQ,8/8/p4k2/PpPpN3/1P1Kp1p1/4Pbr1/5R2/8 b - - 1 58,g3g2 f2g2 f3g2 e5g4,1921,83,91,3059,capturingDefender crushing endgame short,https://lichess.org/kTV6FnKI/black#116,,
capturingDefender,removesDefender,MwWMx,1n3rk1/2R2ppp/8/2NppN2/b7/8/r4PPP/1R4K1 b - - 1 27,b8c6 c5a4 a2a4 c7c6,2049,89,90,2018,advantage capturingDefender master middlegame short,https://lichess.org/fFCrJO5s/black#54,,
capturingDefender,removesDefender,OUxg7,r2q1rk1/p1pb1ppp/2pp1n2/2b3B1/2B1P3/5Q2/PPP2PPP/RN3RK1 b - - 5 10,d7g4 g5f6 d8f6 f3g4,1385,77,94,6354,capturingDefender crushing middlegame short,https://lichess.org/3TYFu15a/black#20,Ruy_Lopez Ruy_Lopez_Classical_Variation,
capturingDefender,removesDefender,Q2k3T,r2r2k1/4q1p1/bpn1p2p/5p2/1PB1p3/P3P3/3N1PPP/R2Q1RK1 w - - 4 18,d1c2 d8d2 c2d2 a6c4,1637,75,90,917,advantage capturingDefender deflection middlegame short,https://lichess.org/PjI1XvKG#35,Benoni_Defense Benoni_Defense_Benoni_Gambit_Accepted,
capturingDefender,removesDefender,Rb8tK,5rk1/1p3pp1/7p/pP1Pn3/P1Pb3R/2qP2Q1/6PP/5R1K b - - 7 31,c3d3 g3d3 e5d3 h4d4,1541,75,94,3520,advantage capturingDefender middlegame short,https://lichess.org/jrqfPvcf/black#62,,
capturingDefender,removesDefender,TGbUp,r3k2r/1p1nbpp1/1qp1p1p1/p2nP1B1/3P2PN/P1N4P/1P1Q1P2/R4RK1 b kq - 3 16,e8c8 c3d5 e6d5 g5e7,1510,74,87,1914,capturingDefender crushing middlegame short,https://lichess.org/z6ejWiAd/black#32,Caro-Kann_Defense Caro-Kann_Defense_Advance_Variation,
capturingDefender,removesDefender,Updb5,r1b2nk1/pp4pp/1qpb4/3pp3/5pn1/P1PP2P1/1PQBPPBP/RN3RK1 w - - 0 15,h2h3 g4f2 f1f2 f4g3,1912,78,91,2367,advantage capturingDefender opening short,https://lichess.org/iRIPhktd#29,Hungarian_Opening Hungarian_Opening_Other_variations,
capturingDefender,removesDefender,WXayW,r1q2rk1/1b2b1pp/pn2Rp2/1pNn4/3P4/NP6/B1PB1PPP/R1Q3K1 w - - 1 21,b3b4 e7c5 b4c5 c8e6,1242,77,93,2332,advantage capturingDefender middlegame short,https://lichess.org/qeVyWGRA#41,,
capturingDefender,removesDefender,YCT4u,r4r1k/1bq3pn/8/p3p1N1/1p6/1N3PQ1/PPP3nP/1K1R3R w - - 0 26,g3g2 h7g5 g2g5 b7f3,1593,75,94,9417,advantage capturingDefender master middlegame short,https://lichess.org/mSugJ0Gr#51,,
capturingDefender,removesDefender,ZmEdx,3rr1k1/2pb1pp1/pp1b2qp/3N4/3pP3/1P3N1P/P1Q2PP1/3RR2K b - - 1 24,d6e5 f3e5 e8e5 c2c7,1784,82,91,1948,capturingDefender crushing middlegame short,https://lichess.org/c76Fiz4b/black#48,,
capturingDefender,removesDefender,bPF8v,r3r1k1/1pp2pp1/p6p/3Rn3/P2R2b1/B1P3P1/5PBP/6K1 b - - 3 21,g4f3 d5e5 e8e5 g2f3,1324,75,100,653,advantage capturingDefender middlegame short,https://lichess.org/HpGNnK4I/black#42,,
capturingDefender,removesDefender,cpzRC,2rr4/p7/1p2k1p1/3Np3/P3n2P/1RP5/4KPP1/3R4 w - - 1 38,b3b5 d8d5 b5d5 e4c3,1631,75,99,1503,advantage capturingDefender endgame short,https://lichess.org/tAO9scv6#75,,
capturingDefender,removesDefender,eNo50,r3q1k1/bpp1rpp1/p1np1n1p/8/2PP4/P1N1BBPP/1PQ2P2/3RR1K1 b - - 4 16,a7d4 f3c6 b7c6 d1d4,1968,73,94,16328,advantage capturingDefender intermezzo middlegame short,https://lichess.org/xRrhyibD/black#32,English_Opening English_Opening_Kings_English_Variation,
capturingDefender,removesDefender,fppAZ,r1bqr1k1/ppp2ppp/5n2/3P4/1bPQ4/2N5/PP2BPPP/R1B1K2R w KQ - 5 10,e1g1 b4c3 d4c3 e8e2,1287,82,93,863,advantage capturingDefender opening short,https://lichess.org/s0p36lah#19,Scotch_Game Scotch_Game_Other_variations,
capturingDefender,removesDefender,hL038,2r1r1k1/pp2bpp1/1q2N1np/3p1Q2/8/2P3RR/PP1NB1PP/7K b - - 2 24,b6e6 f5e6 f7e6 g3g6,1076,76,87,1051,advantage capturingDefender middlegame short,https://lichess.org/nDQKlNWg/black#48,,
capturingDefender,removesDefender,ir8Di,r1b1k2r/1p1p1ppp/p1N1p3/2b5/1qP1n3/2N1B3/PP2BPPP/R2QK2R b KQkq - 0 13,e4c3 c6b4 c3d1 e3c5,1972,78,91,1606,advantage capturingDefender opening short,https://lichess.org/pjnf5cF3/black#26,Sicilian_Defense Sicilian_Defense_Kramnik_Variation,
capturingDefender,removesDefender,kOZgb,r3kb1r/ppp2ppp/4pn2/1N2N3/8/4B3/PPP3bP/2KRR3 b kq - 1 13,f6d5 d1d5 g2d5 b5c7,1305,76,92,3457,advantage capturingDefender middlegame short,https://lichess.org/KEPTIM9P/black#26,Blackmar-Diemer_Gambit_Accepted Blackmar-Diemer_Gambit_Accepted_Ryder_Gambit,
capturingDefender,removesDefender,lznxP,rn5k/ppp3p1/5r1p/5p2/3Nn3/2P5/P1PB2PP/2K1RR2 b - - 3 19,g7g6 e1e4 f5e4 f1f6,1413,75,100,622,advantage capturingDefender middlegame short,https://lichess.org/PVSsr8TF/black#38,,
capturingDefender,removesDefender,naEok,rn1qk1r1/pbppb3/1p2pnN1/4B2p/2PP3P/4P3/PP1N1P2/R2QK1R1 b Qq - 2 13,e8f7 e5f6 e7f6 d1h5,1923,74,95,2884,capturingDefender crushing middlegame short,https://lichess.org/LrSvx90P/black#26,Horwitz_Defense Horwitz_Defense_Other_variations,
capturingDefender,removesDefender,pGPe1,4k3/5p2/4pB1p/1n1r4/1R1PKPP1/p1rR4/P7/8 b - - 1 42,e8d7 b4b5 d5b5 d3c3,1328,80,91,1776,capturingDefender crushing endgame master short,https://lichess.org/lpiR4lan/black#84,,
capturingDefender,removesDefender,qsOHt,r2qkbnr/pp3ppp/3p4/8/4b3/5N2/PPP2PPP/RNBQK2R w KQkq - 0 8,c1g5 e4f3 d1f3 d8g5,2003,81,90,987,advantage capturingDefender opening short,https://lichess.org/lWkLasAi#15,Philidor_Defense Philidor_Defense_Other_variations,
capturingDefender,removesDefender,sM3U3,5rk1/p1pqn2p/3p1bp1/5pN1/4b2B/2PpP3/PP3PPP/R2Q1RK1 w - - 4 19,g5f3 e4f3 d1f3 f6h4,1095,81,89,640,advantage capturingDefender middlegame short,https://lichess.org/nb5W35dJ#37,Horwitz_Defense Horwitz_Defense_Other_variations,
capturingDefender,removesDefender,tps7r,bbr1r1k1/p2q1ppp/1n3n2/1Pp5/2Np4/3P1NP1/2QBPPBP/R3R1K1 b - - 13 23,h7h6 c4b6 a7b6 a1a8,1755,78,93,2553,capturingDefender crushing master middlegame short,https://lichess.org/W7RRqnG1/black#46,,
capturingDefender,removesDefender,vIigN,r1b1kb1r/p4ppp/2p5/n2np3/Bq6/3P1N2/PPP2PPP/RNBQK2R w KQkq - 3 11,b1c3 d5c3 b2c3 b4a4,1860,78,90,1649,advantage capturingDefender middlegame short,https://lichess.org/BHW8BnMA#21,Italian_Game Italian_Game_Two_Knights_Defense,
capturingDefender,removesDefender,x0DLP,r3k2r/1p3pp1/2b1n2p/2qpP3/8/P3RN2/2BQ1PPP/3R2K1 w kq - 5 23,f3d4 e6d4 d2d4 c5c2,1396,78,94,5968,capturingDefender crushing master middlegame short,https://lichess.org/aaN06pdz#45,,
capturingDefender,removesDefender,yYjzM,1r4k1/5ppp/4bn2/qB6/Pr1pP3/5P2/1P1Q2PP/R2NK2R b KQ - 3 20,b8b5 a4b5 a5a1 d2b4,1348,80,93,5597,capturingDefender crushing middlegame short,https://lichess.org/fLNvjJHy/black#40,,
mateIn1,checkmate,001cr,8/3B2pp/p5k1/2p3P1/1p1p1K2/8/1P6/8 b - - 0 38,c5c4 d7e8,1582,80,94,3218,bishopEndgame endgame mate mateIn1 oneMove,https://lichess.org/7FFNwibw/black#76,,
mateIn1,checkmate,1Xz9w,8/3R2pk/p5rp/8/1P6/2P2Q1P/1q4P1/7K w - - 0 35,f3d3 b2g2,1004,93,94,1391,endgame mate mateIn1 oneMove,https://lichess.org/Rj513j51#69,,
mateIn1,checkmate,35SIH,2r3k1/pb3p1p/1p4pN/7q/2p1rQ2/2P3R1/PP3PP1/R5K1 b - - 3 25,g8h8 f4f6,1573,78,97,1915,mate mateIn1 middlegame oneMove,https://lichess.org/RD1MouNp/black#50,,
mateIn1,checkmate,4dYVP,r2qrk2/pb3pbQ/1p2p3/4n3/3p1N2/3B4/PPP3PP/R4RK1 b - - 3 21,e5d3 f4g6,1382,76,93,1283,mate mateIn1 middlegame oneMove pin,https://lichess.org/CAGz80hT/black#42,,
mateIn1,checkmate,6CFLP,r4r2/ppp4k/2np1qpp/3Q4/4B2N/6P1/PPP1P1KP/R1B5 w - - 0 17,h4g6 f6f1,1541,82,91,995,mate mateIn1 middlegame oneMove,https://lichess.org/FWIrtkwG#33,Englund_Gambit Englund_Gambit_Other_variations,
mateIn1,checkmate,7jget,8/1pB5/2b1r3/p1kr3p/P5p1/1Q3P1P/6PK/8 b - - 1 55,e6e2 b3c3,1859,80,93,4258,endgame mate mateIn1 oneMove,https://lichess.org/lWILQ6Yu/black#110,,
mateIn1,checkmate,9HM9e,r1q2rk1/4b1pp/p2p1n2/3NpQN1/8/8/PP3PPP/R1B1R1K1 b - - 0 17,f6d5 f5h7,1006,97,95,713,kingsideAttack mate mateIn1 middlegame oneMove,https://lichess.org/OXvwfNYF/black#34,Sicilian_Defense Sicilian_Defense_Delayed_Alapin_Variation,
mateIn1,checkmate,AqzS0,r2k1b1r/ppp2Q1p/3q2np/1B6/3P4/8/PPP2PPP/2KR3R b - - 0 14,a7a6 f7e8,1132,76,96,505,mate mateIn1 middlegame oneMove,https://lichess.org/L7CCk08Y/black#28,Four_Knights_Game Four_Knights_Game_Halloween_Gambit,
mateIn1,checkmate,CMtUc,8/pr2N1pk/1r1p3p/2p5/7P/n4P2/KP2R1P1/1R6 w - - 2 37,a2a3 b6a6,1115,86,94,864,endgame master mate mateIn1 oneMove,https://lichess.org/umwdBkD5#73,,
mateIn1,checkmate,Dwjpr,3r2k1/pR3pp1/7p/b2P4/4Q3/4PB2/P5PP/q5K1 w - - 3 25,g1f2 a1e1,1209,75,93,1610,endgame master mate mateIn1 oneMove,https://lichess.org/g1jgrKwh#49,,
mateIn1,checkmate,FU8iy,6k1/p4pp1/1p1pp2p/8/PR1P4/3BPQKP/r4PP1/4q2r b - - 20 34,e1b4 f3a8,1163,81,94,3770,endgame mate mateIn1 oneMove,https://lichess.org/jybH9tMv/black#68,,
mateIn1,checkmate,H4QHA,rn2k2r/ppp3p1/2q1p3/5p1p/6n1/2N2PQK/PPPP4/R1B2R2 w kq - 0 18,f3g4 h5g4,1139,75,97,1007,discoveredCheck doubleCheck mate mateIn1 middlegame oneMove,https://lichess.org/6adodzNI#35,Scandinavian_Defense Scandinavian_Defense_Mieses-Kotroc_Variation,
mateIn1,checkmate,IfwqC,2r1r1k1/1b2Qpbp/p1qp1Bp1/1p6/1P3P2/P2B1NP1/2P3P1/R4R1K w - - 1 19,f3d4 c6g2,1059,81,95,646,kingsideAttack master mate mateIn1 middlegame oneMove,https://lichess.org/RhrEQh6b#37,,
mateIn1,checkmate,KFmrO,2rq1rk1/5Rp1/p6p/1ppN4/3n2Q1/3b3P/PP4B1/5RK1 b - - 0 26,d3f1 g4g7,1197,78,85,737,mate mateIn1 middlegame oneMove,https://lichess.org/DGL2wfIX/black#52,,
mateIn1,checkmate,LoW7h,r4rk1/1pb2pp1/p1p2n1p/5P2/P2pp1Pq/3P1B2/1PP2PKP/R1BQ1R2 w - - 0 19,d3e4 h4h2,1007,87,94,1439,mate mateIn1 middlegame oneMove,https://lichess.org/AmfiVjB3#37,Kings_Indian_Attack Kings_Indian_Attack_Other_variations,
mateIn1,checkmate,NKOYH,1k6/8/1P4pB/3pp3/p1r4P/4KP2/2r2P2/1R5R w - - 0 39,f3f4 c4c3,1640,83,88,922,endgame mate mateIn1 oneMove,https://lichess.org/RMNV63yZ#77,,
mateIn1,checkmate,Os2AM,5bk1/p4ppp/1p2p3/8/1P1B4/P3PqP1/3r1r1P/R1Q2RK1 w - - 0 25,c1d2 f3g2,1210,81,92,553,mate mateIn1 middlegame oneMove,https://lichess.org/IoX5IJuH#49,,
mateIn1,checkmate,QRvDo,8/pp4pp/3N1n1k/7P/2P3P1/1P3n2/1P6/1K6 b - - 2 32,b7b6 d6f7,1572,85,88,7303,endgame knightEndgame master masterVsMaster mate mateIn1 oneMove,https://lichess.org/viGLol0N/black#64,,
mateIn1,checkmate,RywKg,8/2pQ3p/3b2pk/7b/8/P4p1P/6r1/R3R2K w - - 4 39,e1g1 g2h2,1081,78,90,529,endgame mate mateIn1 oneMove operaMate,https://lichess.org/eM9snWVC#77,,
mateIn1,checkmate,TWY1W,r2qkb1r/pp2pppp/5n2/2p1N3/2Bn2b1/P1NP4/1PP2PPP/R1BQK2R b KQkq - 0 8,g4d1 c4f7,1036,80,88,989,attackingF2F7 mate mateIn1 oneMove opening,https://lichess.org/ONIDdPpY/black#16,,
mateIn1,checkmate,V8mEQ,2kr3r/pp1nbp2/2p1pn2/q7/1PBP2p1/P1N3Q1/2P2PPB/R3R1K1 b - - 1 17,a5h5 g3c7,1022,79,96,3445,mate mateIn1 middlegame oneMove,https://lichess.org/ZAtJ44uj/black#34,Scandinavian_Defense Scandinavian_Defense_Main_Line,
mateIn1,checkmate,WihT6,8/4R2p/p5p1/P4p2/1B3P2/1kP4K/6rP/5b2 w - - 0 40,h3h4 g2g4,1576,84,91,3934,endgame master mate mateIn1 oneMove pillsburysMate,https://lichess.org/obNI3wKo#79,,
mateIn1,checkmate,YF6g8,r2qkbnr/5p1p/p1Bpp1p1/3Nn1N1/1p2P3/5Q2/PP3PPP/R1B2RK1 b kq - 0 14,e5c6 f3f7,1099,79,93,560,attackingF2F7 mate mateIn1 oneMove opening,https://lichess.org/3WPmrdZR/black#28,Sicilian_Defense Sicilian_Defense_Smith-Morra_Gambit_Accepted,
mateIn1,checkmate,ZnlbR,8/5Bp1/1p3p1p/4pnk1/8/5PPR/PP1r3P/5K2 b - - 2 42,d2b2 h3h5,1403,85,93,4789,endgame mate mateIn1 oneMove operaMate,https://lichess.org/oycoMQ44/black#84,,
mateIn1,checkmate,bMfnF,6k1/6pp/1Q2p3/3b4/3N4/4r1nP/P4r2/R2R3K w - - 3 29,h1g1 f2g2,1404,75,99,2835,mate mateIn1 middlegame oneMove operaMate,https://lichess.org/iSeGJY1j#57,,
mateIn1,checkmate,ctWy5,7B/pp2k2p/3b2p1/qb1Q1p2/3P4/7P/PPr2PP1/R5KR w - - 1 23,a1e1 a5e1,1169,76,98,2128,hangingPiece kingsideAttack mate mateIn1 middlegame oneMove,https://lichess.org/zJourYrj#45,,
mateIn1,checkmate,eS3fG,r1bq3r/pp2nk2/2pb2Pp/3p4/3P4/3n1Q2/PPP3PP/RNB2RK1 b - - 0 13,f7g6 f3f7,1818,76,96,2229,mate mateIn1 oneMove opening,https://lichess.org/fluhi1ki/black#26,French_Defense French_Defense_Exchange_Variation,
mateIn1,checkmate,fzgQJ,5k2/R7/5KBp/4n2P/8/6r1/8/8 b - - 0 50,e5g6 a7a8,1450,77,85,2975,endgame mate mateIn1 oneMove,https://lichess.org/VfHzmx0I/black#100,,
mateIn1,checkmate,hXvI9,8/pQr3k1/1p3p2/1K1p1R1p/3P3P/1Pq3P1/P7/8 w - - 2 37,b7d5 c3a5,1129,77,97,3619,endgame master mate mateIn1 oneMove,https://lichess.org/N99eMBP9#73,,
mateIn1,checkmate,j2M0w,4r1k1/pp6/2p4Q/3p3N/3Pq3/6P1/PPP2PKP/8 w - - 3 27,g2f1 e4h1,1460,78,89,5664,endgame mate mateIn1 oneMove,https://lichess.org/tON1qmwi#53,,
mateIn1,checkmate,kad4t,1r4k1/2p2p2/3p1p1p/p1pP1Q2/2P5/1P2rP2/P3RKPP/q7 w - - 0 26,f2e3 a1d4,1445,83,88,641,dovetailMate endgame mate mateIn1 oneMove,https://lichess.org/n5gCtcWI#51,,
mateIn1,checkmate,mBk17,8/5pk1/1p2p3/2p4p/2P1pP2/P4KP1/1P2Q2P/3q4 w - - 0 37,f3e3 d1d4,1572,81,91,1124,endgame mate mateIn1 oneMove queenEndgame,https://lichess.org/uzIL4ywL#73,,
mateIn1,checkmate,nkP8w,r2k2nr/p1q2ppp/1p2p3/BB1pPb2/1Q2n3/PP3N2/2P2PPP/R4RK1 b - - 1 15,b6a5 b4f8,1010,78,100,616,mate mateIn1 middlegame oneMove,https://lichess.org/P0HPcKdb/black#30,Caro-Kann_Defense Caro-Kann_Defense_Advance_Variation,
mateIn1,checkmate,pIomX,3r1rk1/pp4pp/8/2pPnpqN/8/2P2p2/PP4PP/R2QR1K1 w - - 0 21,e1e5 g5g2,1246,81,90,712,kingsideAttack mate mateIn1 middlegame oneMove,https://lichess.org/J2O0q1XM#41,,
mateIn1,checkmate,qsdHz,1b1r3k/1p3Qp1/p4p2/2P4p/PP2p3/4q3/B5P1/5R1K b - - 5 41,e3g3 f7h5,1158,75,98,1797,endgame mate mateIn1 oneMove,https://lichess.org/DWn52PKC/black#82,,
mateIn1,checkmate,sQCaL,r6r/p7/2qp4/3k4/1Q6/8/P1PK2P1/4R3 b - - 3 28,c6c5 b4e4,1187,86,92,3086,dovetailMate endgame master mate mateIn1 oneMove,https://lichess.org/1yV1ldQT/black#56,,
mateIn1,checkmate,tw2LA,q2r3k/p3N1bp/8/4R1Q1/8/P4PP1/6KP/8 b - - 2 51,g7e5 g5e5,1078,76,92,515,endgame master mate mateIn1 oneMove,https://lichess.org/OhvLvqnO/black#102,,
mateIn1,checkmate,vRWLP,rn1q1rk1/ppp2ppp/3b1n2/6N1/2B1NpbQ/8/PPPP2PP/R1B2RK1 b - - 11 12,f6e4 h4h7,1106,77,95,4050,kingsideAttack mate mateIn1 oneMove opening,https://lichess.org/36g4q5VC/black#24,Vienna_Game Vienna_Game_Vienna_Gambit,
mateIn1,checkmate,wzzLT,8/ppp5/3pR1k1/3P2p1/2P2rN1/3K4/Pb6/8 b - - 3 38,g6f5 g4e3,1347,81,93,1490,endgame master mate mateIn1 oneMove,https://lichess.org/1ZcVwa3w/black#76,,
mateIn1,checkmate,yViIV,r2qk2r/pppbb2p/3P1Qn1/8/2B2P2/8/PPP3PP/R1B1R1K1 b kq - 0 15,c7d6 f6f7,1216,88,90,1082,mate mateIn1 oneMove opening,https://lichess.org/kX1vXn5G/black#30,Kings_Gambit Kings_Gambit_Other_variations,
anastasiaMate,anastasiaMate,02TUT,5r2/ppp1Nppk/8/1P6/5Bq1/3RQ3/b6p/7K b - - 5 32,f8e8 e3h3 g4h3 d3h3,1354,84,84,2146,anastasiaMate master mate mateIn2 middlegame short,https://lichess.org/VGyhkvZ7/black#64,,
anastasiaMate,anastasiaMate,1OsoJ,r5k1/pNn3pp/2p1p3/2B1r3/5q2/P2Q4/1P2nPPP/3R1R1K w - - 9 32,c5e3 f4h2 h1h2 e5h5,1405,84,80,1314,anastasiaMate attraction kingsideAttack mate mateIn2 middlegame sacrifice short,https://lichess.org/BFjBAqao#63,,
anastasiaMate,anastasiaMate,2q3MJ,3r4/kp1N1Q2/2p4p/q5p1/3PP3/2P4P/6P1/6K1 b - - 1 30,a5c3 f7a2 c3a5 a2a5,1034,84,83,1159,anastasiaMate endgame mate mateIn2 short,https://lichess.org/80XA6kxE/black#60,,
anastasiaMate,anastasiaMate,4LakI,8/3p2r1/4k3/1R2n1PK/1p6/8/8/2R5 w - - 7 57,c1e1 g7h7,1013,81,82,551,anastasiaMate endgame mate mateIn1 oneMove,https://lichess.org/XzGgJi6T#113,,
anastasiaMate,anastasiaMate,5nCI2,8/4BR2/1pk5/4p3/KPPnP3/6rB/1b6/8 w - - 2 46,h3c8 g3a3,1005,87,88,517,anastasiaMate endgame mate mateIn1 oneMove operaMate,https://lichess.org/7Lm2CiV0#91,,
anastasiaMate,anastasiaMate,7nUlC,r4rk1/p1pn1pp1/1pN1pq2/6p1/3P2Q1/2P5/P1P2PPP/R4RK1 b - - 5 17,f6f4 c6e7 g8h7 g4h5,1182,76,96,11664,anastasiaMate kingsideAttack mate mateIn2 middlegame short,https://lichess.org/tLRoGfJq/black#34,Scandinavian_Defense Scandinavian_Defense_Mieses-Kotroc_Variation,
anastasiaMate,anastasiaMate,9A49R,r4r1k/4Nppp/1qp1bn2/1p2R3/1Pp2B2/P4K1P/2Q3P1/3R4 b - - 11 24,f6d5 c2h7 h8h7 e5h5,1267,79,93,3696,anastasiaMate attraction kingsideAttack mate mateIn2 middlegame sacrifice short,https://lichess.org/porG090j/black#48,,
anastasiaMate,anastasiaMate,Aa0s0,5rk1/1bp2pp1/2pp4/5NQ1/2P1P3/q2n3P/4N1K1/8 b - - 5 32,a3b2 f5e7 g8h7 g5h4,1452,80,90,2539,anastasiaMate mate mateIn2 middlegame short,https://lichess.org/cWk7YpDx/black#64,,
anastasiaMate,anastasiaMate,C24oN,r4r1k/p3Nppp/1p2b3/2p5/P3R2Q/1P4P1/2q2P1P/R5K1 b - - 5 27,a8d8 h4h7 h8h7 e4h4,1382,76,94,10033,anastasiaMate attraction kingsideAttack mate mateIn2 middlegame sacrifice short,https://lichess.org/DIkQmaZm/black#54,,
anastasiaMate,anastasiaMate,Db1b6,r1b2r1k/pp2Nppp/5n2/2pN4/8/4P1q1/PPP1Q1B1/2K4R b - - 0 17,f6d5 h1h7 h8h7 e2h5,1503,83,81,1109,anastasiaMate attraction kingsideAttack mate mateIn2 middlegame sacrifice short,https://lichess.org/6YHsShL4/black#34,Scotch_Game Scotch_Game_Classical_Variation,
anastasiaMate,anastasiaMate,FAH3y,rnb5/pp1np2k/1q1pN1pQ/4P3/2B2r2/2p1B3/PPP1K1P1/R7 b - - 0 18,h7h6 a1h1,1713,77,88,3378,anastasiaMate mate mateIn1 middlegame oneMove pin,https://lichess.org/qO9lNM9q/black#36,Pirc_Defense Pirc_Defense_Austrian_Attack,
anastasiaMate,anastasiaMate,GjmJ0,5rk1/2R2pp1/7p/1p1N4/3P2Q1/r3P3/5qPK/8 b - - 1 28,h6h5 d5e7 g8h7 g4h5,1315,86,86,2251,anastasiaMate endgame mate mateIn2 short,https://lichess.org/3qBhEXta/black#56,,
anastasiaMate,anastasiaMate,IB60W,r4q1k/4Nppp/p2p1P2/1p2r1P1/4R2Q/P3n2P/1PP2K2/5R2 b - - 8 31,e3f1 h4h7 h8h7 e4h4,1489,81,87,857,anastasiaMate attraction kingsideAttack mate mateIn2 middlegame sacrifice short,https://lichess.org/bMg0LSrz/black#62,,
anastasiaMate,anastasiaMate,JN1Zb,8/6pk/6pp/PR6/1pKN1n2/1P1P4/8/2r5 w - - 1 42,c4b4 f4d3 b4a3 c1a1,1218,81,91,1383,anastasiaMate endgame mate mateIn2 short,https://lichess.org/upJMBXQp#83,,
anastasiaMate,anastasiaMate,KuOK2,r1b2r1k/pp2Nppp/4p3/1q1pP3/8/3R3Q/PP3PPP/R5K1 b - - 3 17,b5b2 h3h7 h8h7 d3h3,1406,76,92,2562,anastasiaMate attraction kingsideAttack mate mateIn2 middlegame sacrifice short,https://lichess.org/X50sm7g2/black#34,French_Defense French_Defense_Advance_Variation,
anastasiaMate,anastasiaMate,M0xmg,r5k1/1pp2ppp/p2qr3/8/8/1P1P1Q2/PBP1nPPP/R4R1K w - - 5 21,f3b7 d6h2 h1h2 e6h6,1353,85,82,985,anastasiaMate attraction kingsideAttack mate mateIn2 middlegame sacrifice short,https://lichess.org/hCHYsRhz#41,,
anastasiaMate,anastasiaMate,MxaMe,5R2/8/1p4p1/6k1/P2N2pp/2P1n3/6rP/7K b - - 11 46,g2a2 d4e6 g5h6 f8h8,1122,76,94,2726,anastasiaMate endgame master mate mateIn2 short,https://lichess.org/6pwCMxDW/black#92,,
anastasiaMate,anastasiaMate,OgPHS,3r1rk1/p4pp1/1p2b3/3Np1q1/P1BnP2p/1P1N3P/6P1/3Q1R1K b - - 0 22,g5g3 d5e7 g8h7 d1h5,1038,82,92,1359,anastasiaMate kingsideAttack mate mateIn2 middlegame short,https://lichess.org/qvqZgtEk/black#44,,
anastasiaMate,anastasiaMate,QWxRT,8/p1p3Q1/8/4nPPp/3kP2K/3P4/Pr3q2/6RR w - - 8 39,h4h5 f2h2 h1h2 b2h2,1744,79,88,1169,anastasiaMate endgame mate mateIn2 sacrifice short,https://lichess.org/ucln04vz#77,,
anastasiaMate,anastasiaMate,SJr3a,8/pp2N2k/3p2r1/6n1/5rP1/1P3P2/P5K1/5R2 b - - 3 38,g6g7 f1h1 g5h3 h1h3,1028,84,93,614,anastasiaMate endgame mate mateIn2 short,https://lichess.org/zyudruSr/black#76,,
anastasiaMate,anastasiaMate,TaZNT,6k1/R4R2/4p2p/1P1n2p1/K3r1P1/P1r4P/B7/8 w - - 3 49,a4a5 c3a3,1099,82,90,972,anastasiaMate endgame mate mateIn1 oneMove,https://lichess.org/aynm6GS3#97,,
anastasiaMate,anastasiaMate,VDatM,r1b1nr2/pp2Nppk/1qp3p1/4b3/8/2NB4/PPP3PP/R1BQ3K b - - 3 18,b6f2 d1h5,1597,83,94,8227,anastasiaMate mate mateIn1 oneMove opening pin,https://lichess.org/lJaofWfG/black#36,Italian_Game Italian_Game_Hungarian_Defense,
anastasiaMate,anastasiaMate,XAHqi,8/1p6/2pkp1Q1/p7/3q4/1P2n1P1/P4RKP/8 w - - 3 44,g2h3 d4h8 g6h5 h8h5,1236,80,87,1640,anastasiaMate endgame mate mateIn2 short,https://lichess.org/qi2xgYku#87,,
anastasiaMate,anastasiaMate,YUYuT,Q1b3k1/p4R1p/1p1pq3/2p3p1/2P1B3/1P4P1/P3n1PK/8 w - - 0 33,e4d5 e6h6,1374,76,96,15497,anastasiaMate endgame mate mateIn1 oneMove,https://lichess.org/NxXFy78x#65,,
anastasiaMate,anastasiaMate,ZtwSe,R7/2p5/1p1b1ppk/1P3p2/1r1N3p/4P2P/5PP1/6K1 b - - 1 31,h6g5 d4e6 g5h6 a8h8,1820,85,93,23229,anastasiaMate endgame mate mateIn2 short,https://lichess.org/qxCc0UJW/black#62,,
anastasiaMate,anastasiaMate,bpPnU,8/1p2q1bk/1Qp1p1pp/4p2r/2P1N3/1B3P2/PP2n1PP/3R2K1 w - - 1 32,g1h1 h5h2 h1h2 e7h4,1496,81,88,775,anastasiaMate attraction kingsideAttack master mate mateIn2 middlegame sacrifice short,https://lichess.org/I1BKGArd#63,,
anastasiaMate,anastasiaMate,dMABG,r5kr/pp2Npp1/3B1b2/3P3p/8/2q2Q1P/P5P1/R6K b - - 1 23,g8h7 f3h5,1422,82,90,4560,anastasiaMate master mate mateIn1 middlegame oneMove,https://lichess.org/LStDIoAf/black#46,,
anastasiaMate,anastasiaMate,fD8vO,r4r1k/2qnNppp/pp1p4/6B1/4QP2/3R4/PPP3PP/2K5 b - - 2 18,d7c5 e4h7 h8h7 d3h3,1526,82,90,5494,anastasiaMate attraction kingsideAttack mate mateIn2 middlegame sacrifice short,https://lichess.org/ckZIb5a9/black#36,Sicilian_Defense Sicilian_Defense_Najdorf_Variation,
anastasiaMate,anastasiaMate,h1wyK,r4rk1/2q1Nppp/p2p4/1p6/2nRQ3/2P5/P4PPP/5RK1 b - - 1 23,g8h8 e4h7 h8h7 d4h4,1338,76,100,1763,anastasiaMate attraction kingsideAttack mate mateIn2 middlegame sacrifice short,https://lichess.org/5ntvZZoe/black#46,,
anastasiaMate,anastasiaMate,jIwaM,2r5/8/5R2/3Np1k1/KP1nP2p/5P2/6P1/8 w - - 1 55,f6f7 c8a8 f7a7 a8a7,1063,78,100,594,anastasiaMate endgame mate mateIn2 short,https://lichess.org/SRDQSdXv#109,,
anastasiaMate,anastasiaMate,kR44c,Q7/ppp1kp1p/8/4p3/2Pn1p1R/1KNq4/PP1P4/R1B5 w - - 1 20,b3a4 d3c4 b2b4 c4a6,2018,82,94,28751,anastasiaMate mate mateIn2 middlegame short,https://lichess.org/PZUh3oFr#39,,
anastasiaMate,anastasiaMate,m5qye,7R/kp3pp1/7p/pP3P1P/P2rq3/8/4n1PK/4Q2R w - - 0 39,e1f2 e4h4 f2h4 d4h4,1001,78,94,2582,anastasiaMate endgame mate mateIn2 short,https://lichess.org/N5S94E6n#77,,
anastasiaMate,anastasiaMate,nqH6V,1kr4r/p4p2/1p1P4/4P3/8/3R2P1/PQ2nqBP/1R5K w - - 1 33,d6d7 h8h2 h1h2 c8h8,1983,82,94,20268,anastasiaMate attraction master masterVsMaster mate mateIn2 middlegame sacrifice short,https://lichess.org/IIPWqQIN#65,,1743747670361
anastasiaMate,anastasiaMate,piruT,r1b2r1k/2p1Nppp/pp6/4p2Q/1P2P3/4PR2/P1q3PP/R5K1 b - - 3 19,c8b7 h5h7 h8h7 f3h3,1505,84,77,583,anastasiaMate attraction kingsideAttack mate mateIn2 middlegame sacrifice short,https://lichess.org/VUPRBOPY/black#38,,
anastasiaMate,anastasiaMate,r9Wr4,6k1/3R4/7R/5r2/6n1/1P4P1/6KP/8 w - - 4 48,h6a6 g4e3 g2h3 f5h5,1479,77,90,20522,anastasiaMate endgame mate mateIn2 short,https://lichess.org/Br0sQMHs#95,,
anastasiaMate,anastasiaMate,sXJYy,r2kq2r/pppb2p1/5P2/3Q2p1/8/8/PP2nPPP/RNB2R1K w - - 1 19,f6g7 h8h2 h1h2 e8h5,1609,80,93,5372,anastasiaMate attraction kingsideAttack mate mateIn2 middlegame sacrifice short,https://lichess.org/tpXKCNQy#37,,
anastasiaMate,anastasiaMate,tQ4Kg,r4r1k/p3Nppp/q3b3/3pR3/2pP2P1/2P2P2/P1Q4P/R5K1 b - - 0 22,a6d6 c2h7 h8h7 e5h5,1521,76,100,2598,anastasiaMate attraction kingsideAttack mate mateIn2 middlegame sacrifice short,https://lichess.org/VLk7v1nF/black#44,,
anastasiaMate,anastasiaMate,uvAuI,8/p7/kp5P/3QP1B1/6q1/8/P3n1PK/8 w - - 1 33,d5g8 g4h5 g5h4 h5h4,1475,86,76,1608,anastasiaMate endgame mate mateIn2 short,https://lichess.org/wwuFChPJ#65,,
anastasiaMate,anastasiaMate,wTk2P,4r2k/p3Nppp/4p3/2Bb4/2nR4/5P1R/Pr4PP/6K1 b - - 2 27,c4e3 h3h7 h8h7 d4h4,1461,80,90,1382,anastasiaMate attraction mate mateIn2 middlegame sacrifice short,https://lichess.org/1PmGeHDE/black#54,,
anastasiaMate,anastasiaMate,xsphR,rn1q1r2/3bNppk/p2p2n1/1p2pNQp/4P2P/3B4/PPP2PP1/R4RK1 b - - 7 17,d7f5 g5h5,1499,84,86,2321,anastasiaMate mate mateIn1 middlegame oneMove,https://lichess.org/euVhUHoM/black#34,Sicilian_Defense Sicilian_Defense_Modern_Variations,
hookMate,hookMate,009IO,3rk3/5p1r/p2Np1p1/3bP3/P2n4/8/1P3RPP/5RK1 b - - 4 25,e8e7 f2f7 h7f7 f1f7,1162,83,87,547,hookMate mate mateIn2 middlegame short,https://lichess.org/LJBrm9Or/black#50,,
hookMate,hookMate,1jfmg,6k1/p5p1/4R1Np/3p1P2/3K4/P3P3/1r1p1nPP/3r4 b - - 1 36,d1c1 e6e8 g8f7 e8f8,1306,77,95,34003,endgame hookMate mate mateIn2 short,https://lichess.org/u2IhrFJ3/black#72,,
hookMate,hookMate,3AXHg,r2q3r/pp2kppp/2nNp3/2n1P3/1b1NQ3/8/PP4PP/R1B2RK1 b - - 0 16,c5e4 f1f7,1478,83,92,3744,hookMate mate mateIn1 middlegame oneMove,https://lichess.org/MbzFTSo6/black#32,Alekhine_Defense Alekhine_Defense_Four_Pawns_Attack,
hookMate,hookMate,4phzu,7k/Qp4p1/2p4p/8/P3p1r1/1PP2n2/4RP1P/5K2 w - - 5 36,e2e3 g4g1 f1e2 g1e1,1110,77,95,3518,endgame hookMate mate mateIn2 short,https://lichess.org/INutXNMi#71,,
hookMate,hookMate,6OVKo,r4r2/pp2k3/2pN2R1/2n1PP2/8/2p3P1/PbK5/8 b - - 0 37,a8d8 g6g7 f8f7 g7f7,1574,76,94,1476,endgame hookMate mate mateIn2 short,https://lichess.org/H3qRBO56/black#74,,
hookMate,hookMate,7urF7,6r1/pp3p2/2p4k/4nNp1/4P3/P1p5/1PP5/1K4R1 b - - 1 30,h6h7 g1h1 h7g6 h1h6,1348,79,96,21501,endgame hookMate mate mateIn2 short,https://lichess.org/vhnGohn6/black#60,,
hookMate,hookMate,9FPD8,2kr1b1r/pp4pp/4b3/2p1pP2/1n6/3B1P2/PPKN1BPP/R5NR w - - 0 14,c2c3 d8d3,1155,82,100,759,hookMate mate mateIn1 middlegame oneMove,https://lichess.org/dEvOuFMr#27,Barnes_Opening Barnes_Opening_Other_variations,
hookMate,hookMate,BcJBm,3R4/2p1kp2/p3pN2/4P3/2pP4/pnq2r2/2Q4P/3R2K1 b - - 0 30,c3c2 d8e8,1494,75,95,4713,endgame hookMate master mate mateIn1 oneMove,https://lichess.org/wnypwEtZ/black#60,,
hookMate,hookMate,CuzfK,6k1/p4r1p/1p4p1/3Nr3/2Ppp3/1P3nPq/P3QPK1/3R1R2 w - - 0 26,g2h3 e5h5 h3g2 h5h2,1197,77,93,970,hookMate mate mateIn2 middlegame short,https://lichess.org/v4tN8mL4#51,,
hookMate,hookMate,EToRo,r7/8/1R3pp1/4pk1p/3nN2P/5P2/P5P1/6K1 b - - 0 33,a8a2 b6f6,1152,88,92,903,endgame hookMate mate mateIn1 oneMove,https://lichess.org/qqoUxNuC/black#66,,
hookMate,hookMate,G13tY,r6r/3RN2p/p1p2pk1/4p1pq/4P3/P7/1PP3PP/5RK1 b - - 0 23,g6h6 e7f5 h6g6 d7g7,1376,89,93,9813,endgame hookMate mate mateIn2 short,https://lichess.org/mwO4VL6h/black#46,,
hookMate,hookMate,Hmc3D,5r2/1p3pk1/8/rp3N1R/4p1PP/2b1P3/5P1K/8 b - - 4 34,g7g6 h5h6,1131,89,93,1643,endgame hookMate mate mateIn1 oneMove,https://lichess.org/uMqscSw9/black#68,,
hookMate,hookMate,JFVb8,r1b2r2/1p1p1kbR/2qPpNp1/2p1P1B1/1nP2PP1/pP3N2/3K4/1B5R b - - 0 27,c6f3 h7g7 f7g7 h1h7,1284,80,94,24788,attraction hookMate mate mateIn2 middlegame sacrifice short,https://lichess.org/kBGcpCVu/black#54,,
hookMate,hookMate,KbiaW,R2r4/Rk1p2p1/1p2p3/1N3rb1/2PP4/1P6/6K1/8 b - - 5 33,b7c6 a7c7,1132,82,94,2385,endgame hookMate mate mateIn1 oneMove,https://lichess.org/uxlJJnO1/black#66,,
hookMate,hookMate,MEwdw,Q2k4/p1pn1pp1/1p2p3/4N3/3P3q/2P1b2r/PP2B1K1/5R2 b - - 6 28,d8e7 f1f7 e7d6 f7d7,1231,76,100,892,hookMate master mate mateIn2 middlegame short,https://lichess.org/WFZJpR7Z/black#56,,
hookMate,hookMate,NqNdk,8/4k2p/5p2/4n3/1R2N1P1/P3r1KP/1P6/8 w - - 1 39,g3f4 e3f3,1186,79,94,704,endgame epauletteMate hookMate mate mateIn1 oneMove,https://lichess.org/zLoMUVkh#77,,
hookMate,hookMate,P46lc,7k/2PR4/R7/8/3p3p/1P4nP/6P1/4r1K1 w - - 1 38,g1f2 e1f1,1361,86,86,756,endgame hookMate mate mateIn1 oneMove,https://lichess.org/z6nvkM78#75,,
hookMate,hookMate,R3Yl6,7k/1R4pp/p1p3r1/P2p4/4p3/4Rn2/1P3PKP/8 w - - 1 33,g2f1 g6g1 f1e2 g1e1,1304,78,96,25550,endgame hookMate mate mateIn2 short,https://lichess.org/pdUso99z#65,,
hookMate,hookMate,S835E,7Q/R5b1/6pk/4P1Np/5P2/4P2P/6PK/1qr5 b - - 4 33,g7h8 a7h7,1373,76,97,1149,endgame hookMate mate mateIn1 oneMove,https://lichess.org/PNkCc17c/black#66,,
hookMate,hookMate,TgHyF,6k1/p2Q1pp1/1p1p2n1/8/3P1p1p/1R4nP/PP4P1/4r1K1 w - - 0 34,g1f2 e1f1,1514,77,96,2694,endgame hookMate mate mateIn1 oneMove,https://lichess.org/PMUNGLVS#67,,
hookMate,hookMate,VZeCv,r5r1/5Rpp/p1bk4/1pNp4/1P6/6P1/PK5P/4R3 b - - 5 33,a6a5 e1e6,1594,85,88,1983,endgame hookMate mate mateIn1 oneMove,https://lichess.org/Rmf2mpTz/black#66,,
hookMate,hookMate,X1qAs,7R/8/2k5/1p5P/2p5/PnB5/1PK5/7r w - - 1 42,c3g7 h1c1,1297,78,94,1238,endgame hookMate master mate mateIn1 oneMove,https://lichess.org/0vtZEes0#83,,
hookMate,hookMate,YKp6V,7k/5p2/4pN1p/3pP1p1/8/2p2q2/5P2/R5K1 b - - 2 54,c3c2 a1a8 h8g7 a8g8,1188,75,98,2528,endgame hookMate mate mateIn2 short,https://lichess.org/i1qA1QiE/black#108,,
hookMate,hookMate,Zqg4O,r1b3R1/1p4R1/2pkpq2/p3N3/3P4/8/PPP2Q2/2K5 b - - 0 24,f6f2 g8d8 c8d7 g7d7,1314,80,93,9013,endgame epauletteMate hookMate mate mateIn2 short,https://lichess.org/9cce5bMl/black#48,,
hookMate,hookMate,b9uGO,8/p6p/3k2p1/1p1nn3/1P6/K6B/P3r1PP/3R3R w - - 1 29,h1e1 e5c4 a3b3 e2b2,1554,80,96,27736,endgame hookMate mate mateIn2 short,https://lichess.org/BJvmzRtY#57,,
hookMate,hookMate,cYxDc,r1b2r2/1p3pk1/p3pNpQ/2pnP3/2q2P2/2B3R1/1P4PP/5RK1 b - - 0 25,g7h6 g3h3 h6g7 h3h7,1116,76,100,871,hookMate mate mateIn2 middlegame short,https://lichess.org/shdIij01/black#50,,
hookMate,hookMate,e5uzg,8/Bp4pk/2p4p/8/5p2/1P4nP/P1PR2P1/4r1K1 w - - 3 29,g1f2 e1f1,1267,75,100,673,endgame hookMate mate mateIn1 oneMove,https://lichess.org/fbtKqnc9#57,,
hookMate,hookMate,fw5YG,2k5/2p4R/p1Np1p2/2nPp3/P7/4b1P1/5r2/1K6 b - - 6 33,e3d4 h7h8 c8b7 h8b8,1455,76,94,3794,endgame hookMate mate mateIn2 short,https://lichess.org/ucLFNj5D/black#66,,
hookMate,hookMate,hQal2,Q2Q4/5pk1/3bp3/3p4/3Pn3/5Kp1/5r2/8 w - - 5 49,f3e3 d6f4 e3d3 f2d2,1080,78,100,1223,endgame hookMate mate mateIn2 short,https://lichess.org/rLktx47l#97,,
hookMate,hookMate,j2yeW,4k1r1/1p1r4/p3p2R/2B1p3/1P2Pn2/2PP4/3NKP2/R7 w - - 5 30,e2e3 d7d3,1191,78,90,588,hookMate mate mateIn1 middlegame oneMove,https://lichess.org/vspMoOaV#59,,
hookMate,hookMate,kQQcf,6r1/5p2/3pkp2/2p1pN1p/2P1P2P/ppK3P1/8/3R4 b - - 1 36,b3b2 d1d6,1036,96,94,1625,endgame hookMate mate mateIn1 oneMove,https://lichess.org/xdeNJpR9/black#72,,
hookMate,hookMate,m5d26,1R3Nk1/6p1/7p/2p2P1P/1p5P/r7/2r5/3K4 b - - 10 43,c2h2 f8g6 g8f7 b8f8,1338,82,92,2344,discoveredAttack discoveredCheck endgame hookMate mate mateIn2 short,https://lichess.org/0C7m4GZP/black#86,,
hookMate,hookMate,nnznY,r1q2rk1/ppp2p1p/6p1/3Np1PR/3nP1Q1/3B4/PPP2PP1/2KR4 b - - 0 15,c8g4 d5f6 g8g7 h5h7,1865,80,90,1060,fork hookMate mate mateIn2 middlegame short,https://lichess.org/Chk9aP3q/black#30,Russian_Game Russian_Game_Three_Knights_Game,
hookMate,hookMate,pNpwI,r2q1r2/3n1ppk/2p1b3/pp1p2PN/3P4/2PQ1P2/P1P3P1/2KR3R b - - 1 17,g7g6 h5f6 h7g7 h1h7,1135,77,86,774,discoveredCheck doubleCheck hookMate mate mateIn2 middlegame short,https://lichess.org/Ql2K2uvs/black#34,French_Defense French_Defense_Winawer_Variation,
hookMate,hookMate,r1TvP,8/7p/3R1pk1/6p1/5nP1/2B1r1KP/1Pr5/5R2 w - - 8 37,f1f3 c2g2,1483,84,85,976,endgame epauletteMate hookMate mate mateIn1 oneMove,https://lichess.org/OlMNmVOY#73,,
hookMate,hookMate,sSkKF,8/8/kp3R2/p1p5/1nP5/1K2N1P1/r4P2/5R2 w - - 3 34,e3d5 a5a4 b3c3 a2c2,1394,79,95,32137,endgame hookMate mate mateIn2 short,https://lichess.org/vbSfUyzX#67,,
hookMate,hookMate,uDdbA,5k2/5p2/4pNpK/1R1bP2p/5P2/1p5P/6r1/8 b - - 7 43,b3b2 b5b8 f8e7 b8e8,1617,75,96,5815,endgame hookMate mate mateIn2 short,https://lichess.org/qdd6i21F/black#86,,
hookMate,hookMate,vo9ho,2r1r3/p4kp1/2pn4/2pp1pN1/7P/1P1P4/PbP1RP2/4R1K1 b - - 1 26,f7f6 e2e6 e8e6 e1e6,1565,76,95,10949,collinearMove fork hookMate mate mateIn2 middlegame short,https://lichess.org/66HDcGYg/black#52,,
hookMate,hookMate,wzM1I,4R3/RP3pk1/3p1b2/P2n2pp/8/5NPK/2r4P/8 w - - 0 34,g3g4 d5f4 h3g3 c2g2,1669,75,76,800,endgame hookMate mate mateIn2 short,https://lichess.org/6bXNDwAK#67,,
hookMate,hookMate,yPUWc,r6r/p1p1n3/7p/1q2pkp1/1P6/P2P2N1/5PPP/R3R1K1 b - - 0 34,f5f4 e1e4,1009,104,95,625,hookMate mate mateIn1 middlegame oneMove,https://lichess.org/fv9xYCCm/black#68,,
arabianMate,arabianMate,01IvQ,8/2rN1pk1/2P4p/pB6/1b4RP/5K2/8/4r3 b - - 4 44,g7h7 d7f6 h7h8 g4g8,1160,77,88,563,arabianMate endgame mate mateIn2 short,https://lichess.org/nxBcd0PT/black#88,,
arabianMate,arabianMate,1UGiE,8/5p1k/7p/7N/8/6RP/r2r2PK/8 b - - 2 49,f7f5 h5f6 h7h8 g3g8,1575,75,98,4528,arabianMate endgame mate mateIn2 short,https://lichess.org/e4I5kgOZ/black#98,,
arabianMate,arabianMate,2itpi,r1r4k/6R1/5N1P/1p6/p2p4/2p5/b7/2K3R1 b - - 1 44,d4d3 g7h7,1504,77,80,1048,arabianMate endgame mate mateIn1 oneMove,https://lichess.org/LWGCL1yn/black#88,,
arabianMate,arabianMate,4JHIB,1r2rb2/5p1k/pp5p/5P2/4N1R1/4p2P/PP6/3R2K1 b - - 3 33,e3e2 e4f6 h7h8 g4g8,1268,78,91,814,arabianMate endgame fork mate mateIn2 short,https://lichess.org/9yh31UMu/black#66,,
arabianMate,arabianMate,5XiOh,4k3/2R3pp/3p2r1/1P1Pp3/2P1N2n/7P/5P1K/8 w - - 9 32,b5b6 h4f3 h2h1 g6g1,1639,74,95,4446,arabianMate endgame mate mateIn2 short,https://lichess.org/gSM64c0j#63,,
arabianMate,arabianMate,7H5ZZ,r2q3k/ppp2Rb1/3p1N1n/3P3Q/3P3p/P6b/1PP5/6K1 b - - 5 24,d8c8 h5h6 g7h6 f7h7,1417,77,88,1823,arabianMate kingsideAttack mate mateIn2 middlegame sacrifice short,https://lichess.org/UCc4ZB1o/black#48,,
arabianMate,arabianMate,8xAiT,5k2/pp2N1pp/8/4p2p/1P2P2q/P1PPQn1P/5rP1/R6K w - - 5 27,e7f5 h4h3 g2h3 f2h2,1238,85,91,4739,arabianMate endgame kingsideAttack mate mateIn2 sacrifice short,https://lichess.org/5417WBuj#53,,
arabianMate,arabianMate,AYl1G,6rk/3qbp1p/Q2p1p2/3Np1n1/4P3/1P4K1/P4P2/R4BR1 w - - 5 25,g3h2 g5f3 h2h1 g8g1,1446,75,97,6823,arabianMate discoveredAttack fork mate mateIn2 middlegame short,https://lichess.org/IWNRXorA#49,,
arabianMate,arabianMate,BnG4Z,r6k/1p3prb/2n1pN2/1p1p4/3P3R/1Pp1P2P/P2bBP1K/6R1 b - - 5 26,a8g8 h4h7 g7h7 g1g8,1252,80,91,2409,arabianMate deflection kingsideAttack mate mateIn2 middlegame short,https://lichess.org/LJQjozI1/black#52,,
arabianMate,arabianMate,DJLvm,3k4/ppp1N2p/8/8/8/1P1P1nr1/P2P1PrP/4RR1K w - - 0 27,f2g3 g2h2,1081,79,88,511,arabianMate endgame mate mateIn1 oneMove,https://lichess.org/0J2qCc9G#53,,
arabianMate,arabianMate,EtKj2,2r3k1/1p2R3/5N1p/p7/8/2P2bP1/q4P2/4R1K1 b - - 15 41,g8h8 e7h7,1131,77,97,3468,arabianMate endgame mate mateIn1 oneMove,https://lichess.org/Kv4smJDa/black#82,,
arabianMate,arabianMate,Gi1iv,3r1rk1/p4nnp/2p1p1p1/q1p5/2BPN3/8/PP1Q1P2/1K1R3R b - - 1 22,a5d2 e4f6 g8h8 h1h7,1539,76,96,12041,arabianMate kingsideAttack mate mateIn2 middlegame short,https://lichess.org/lzSvNYAn/black#44,,
arabianMate,arabianMate,IJOVb,r4r1k/1pq2p1p/p3pNbQ/8/3p4/2P4R/PP4PP/7K b - - 1 24,c7e5 h6h7 g6h7 h3h7,1123,76,96,1984,arabianMate kingsideAttack mate mateIn2 middlegame sacrifice short,https://lichess.org/aiP4rgED/black#48,,
arabianMate,arabianMate,JuQ3f,r6k/4qprp/p3pN1Q/2p2p2/1p2b2R/7P/PPP5/R4K2 b - - 3 26,a8g8 h6h7 g7h7 h4h7,1044,94,94,4832,arabianMate kingsideAttack mate mateIn2 middlegame sacrifice short,https://lichess.org/aOcKexK5/black#52,,
arabianMate,arabianMate,LBZ74,2r1k1r1/1pb2p1p/p1pp4/5N2/P2PPB2/1BPn1n1P/1P3P2/R4R1K w - - 1 24,b3d1 d3f2 f1f2 g8g1,1263,78,95,25509,arabianMate kingsideAttack mate mateIn2 middlegame sacrifice short,https://lichess.org/YNwoY2dV#47,,
arabianMate,arabianMate,MYgzq,r6k/2p2R2/p2b1N1p/1pp5/8/3P3P/P1P3P1/7K b - - 3 29,a8f8 f7h7,1023,90,93,1229,arabianMate endgame master mate mateIn1 oneMove,https://lichess.org/qFWZsQ1k/black#58,,
arabianMate,arabianMate,OCTJB,8/8/Qpkn2R1/p1b2p2/P3n3/2P3P1/1P5r/1K6 w - - 1 43,b2b4 e4c3 b1a1 h2a2,1483,77,95,38845,arabianMate endgame mate mateIn2 short,https://lichess.org/iU63TaJm#85,,
arabianMate,arabianMate,PhqtH,4r3/1kR3pp/pp3pb1/8/1b1N4/6B1/n4PPP/7K b - - 1 35,b7b8 d4c6 b8a8 c7a7,1008,80,96,3365,arabianMate mate mateIn2 middlegame short,https://lichess.org/H96FbekN/black#70,,
arabianMate,arabianMate,Rbkcc,4rr1k/p1p2pR1/1p3N1p/5P2/3nb3/3B4/PP3K1P/6R1 b - - 4 26,e4d3 g7h7,1134,84,89,1129,arabianMate mate mateIn1 middlegame oneMove,https://lichess.org/y2zXFeIB/black#52,,
arabianMate,arabianMate,StbSh,2r4k/1R5p/3p1Nb1/p2P4/1n3N2/5P2/1P1K3P/2r3R1 b - - 2 31,c1g1 f4g6 h7g6 b7h7,1282,83,93,1963,arabianMate mate mateIn2 middlegame short,https://lichess.org/KRaEl7hz/black#62,,
arabianMate,arabianMate,Uan5C,2r5/5p1k/p6p/1p5N/8/1q2P2b/3B4/3RK1R1 b - - 2 28,c8c2 h5f6 h7h8 g1g8,1557,81,83,3900,arabianMate mate mateIn2 middlegame short,https://lichess.org/XbS6ElSQ/black#56,,
arabianMate,arabianMate,VwPYQ,r1bqkbnr/1pp2p2/p2p4/4p3/1PB1P1p1/PNNP1np1/2P2P1P/R1BQ1R1K w kq - 0 13,f2g3 h8h2,1103,80,94,1294,arabianMate kingsideAttack mate mateIn1 middlegame oneMove,https://lichess.org/p0491bx6#25,Three_Knights_Opening Three_Knights_Opening_Other_variations,
arabianMate,arabianMate,XUkYa,7k/R7/5N2/2p1p3/P1r5/2b5/8/5K2 b - - 3 46,e5e4 a7h7,1087,80,95,5102,arabianMate endgame master mate mateIn1 oneMove,https://lichess.org/iWBtrtbP/black#92,,
arabianMate,arabianMate,Ys6Wa,1k1r2r1/4bp2/p1qp3p/4p3/1P2Pp1n/P1Q2P1P/5P1K/R2R1B2 w - - 0 27,c3c6 h4f3 h2h1 g8g1,1068,83,83,698,arabianMate mate mateIn2 middlegame short,https://lichess.org/ok1Wsek1#53,,
arabianMate,arabianMate,aMSCq,3r1b1k/p6R/1p6/2p1rP2/4N3/4B3/5K2/6R1 b - - 0 31,h8h7 e4f6 h7h8 g1g8,1539,81,93,1914,arabianMate endgame mate mateIn2 short,https://lichess.org/8yAbotXr/black#62,,
arabianMate,arabianMate,c6wXw,1r3n1k/1p4Rp/5N1P/3Bpbp1/pN1b4/3P2P1/P2K4/8 b - - 6 34,e5e4 g7g8,1126,76,100,985,arabianMate mate mateIn1 middlegame oneMove operaMate,https://lichess.org/cqSs41UB/black#68,,
arabianMate,arabianMate,dxCaC,6rk/p2R2Qp/2p2N2/8/8/4p3/P3qPPP/3R2K1 b - - 0 24,g8g7 d7d8 g7g8 d8g8,1108,83,93,1390,arabianMate endgame mate mateIn2 short,https://lichess.org/zPGv2Ak7/black#48,,
arabianMate,arabianMate,fbf8g,r4rk1/p3bppp/4p3/3N1n1R/5PQ1/7P/PP3qP1/R1B4K b - - 0 21,e7c5 d5f6 g8h8 h5h7,1327,80,92,1686,arabianMate kingsideAttack mate mateIn2 middlegame pin short,https://lichess.org/y6oQ88F9/black#42,,
arabianMate,arabianMate,hBg5G,8/1p1N3k/p1p3Rp/P1Pp3P/3r4/8/KP2r3/8 b - - 4 45,d4d2 d7f6 h7h8 g6g8,1281,78,97,15326,arabianMate endgame master mate mateIn2 short,https://lichess.org/FBNuJbdr/black#90,,
arabianMate,arabianMate,iwgt0,8/5p1k/p3p2b/1p1pP2N/5P2/6R1/P1r5/5K2 b - - 6 36,c2a2 h5f6 h7h8 g3g8,1054,76,100,1311,arabianMate endgame mate mateIn2 short,https://lichess.org/svhoozs0/black#72,,
arabianMate,arabianMate,kTxup,5r2/2p1r2k/p3pNRp/1p2P2P/8/P2Pn3/1P6/2K5 b - - 4 30,h7h8 g6h6 e7h7 h6h7,1077,87,92,1883,arabianMate endgame mate mateIn2 short,https://lichess.org/1GYJM5y3/black#60,,
arabianMate,arabianMate,lQEDN,6k1/1Qpq2pp/p7/4p3/2P5/3PBnPP/P4rBK/R7 w - - 3 26,h2h1 d7h3 g2h3 f2h2,1371,80,91,5424,arabianMate mate mateIn2 middlegame sacrifice short,https://lichess.org/N4DoJdVc#51,,
arabianMate,arabianMate,mr2HP,8/7p/2p1p3/4N3/3PPk1n/8/r6P/1R3BK1 w - - 3 37,e5c6 h4f3 g1h1 a2h2,1100,79,94,1828,arabianMate endgame master mate mateIn2 short,https://lichess.org/oB4R84zb#73,,
arabianMate,arabianMate,oLdoh,2k4r/1pp1ppbp/B5p1/2P4r/Q3N3/4Bn1q/PP3R1P/R5K1 w - - 0 19,g1h1 h3h2 f2h2 h5h2,1081,80,79,919,arabianMate kingsideAttack mate mateIn2 middlegame sacrifice short,https://lichess.org/YVmdr2fL#37,Scandinavian_Defense Scandinavian_Defense_Marshall_Variation,
arabianMate,arabianMate,pcwBQ,r1b2rk1/5pbp/p2p2P1/1ppN4/3pP3/P2P4/BPP2KP1/R6R b - - 0 18,f7g6 d5f6 g8h8 h1h7,1763,77,95,3496,arabianMate discoveredCheck doubleCheck kingsideAttack mate mateIn2 middlegame short,https://lichess.org/kuHz362t/black#36,Italian_Game Italian_Game_Paris_Defense,
arabianMate,arabianMate,rZoer,2r2rk1/4qppp/p2p4/1p1Np3/4P3/1B6/PPPK4/6RR b - - 5 22,e7a7 d5f6 g8h8 h1h7,1413,79,93,20654,arabianMate kingsideAttack mate mateIn2 middlegame pin short,https://lichess.org/ES8FYZkt/black#44,,
arabianMate,arabianMate,t0qAH,2nb2rk/1p4rp/p4N2/1P2p2R/P1P2pN1/3p1P2/4Q3/6KR b - - 0 43,d3e2 h5h7 g7h7 h1h7,1101,76,100,826,arabianMate kingsideAttack mate mateIn2 middlegame short,https://lichess.org/HxQ3rjy4/black#86,,
arabianMate,arabianMate,um4iy,7k/R7/2K2N2/2P5/1q6/8/8/8 b - - 5 62,b4d4 a7h7,1342,81,93,6724,arabianMate endgame mate mateIn1 oneMove,https://lichess.org/mVMJXuyC/black#124,,
arabianMate,arabianMate,wPMCX,3r2k1/2R5/6Pp/pp1Np3/n3P3/2P5/Pr6/2K5 b - - 1 33,b2g2 d5f6 g8h8 c7h7,1283,78,90,5613,arabianMate endgame mate mateIn2 short,https://lichess.org/1uGnVjWE/black#66,,
arabianMate,arabianMate,xmfja,2k5/pp1r2p1/3PQ3/1P2n2p/6nP/2N5/P4rK1/R3R3 w - - 0 24,g2g1 e5f3 g1h1 f2h2,1204,79,89,1377,arabianMate fork mate mateIn2 middlegame short,https://lichess.org/DvzunhrP#47,,
bodenMate,bodenMate,01z9G,2kr1b1r/pp1n1pp1/1qp1pnp1/8/2BP1BP1/2N2Q1P/PPP2P2/2K1R2R b - - 1 15,b6d4 f3c6 b7c6 c4a6,1029,85,89,2500,bodenMate mate mateIn2 middlegame queensideAttack sacrifice short,https://lichess.org/zoXC7Dtn/black#30,Scandinavian_Defense Scandinavian_Defense_Main_Line,
bodenMate,bodenMate,1aJ0e,2kr3r/pp1n1ppp/2pRp3/4n3/5B2/7P/PP2B2P/2K3R1 b - - 4 20,e5g6 d6c6 b7c6 e2a6,1256,91,73,862,bodenMate mate mateIn2 middlegame queensideAttack sacrifice short,https://lichess.org/xu4H4Lia/black#40,,
bodenMate,bodenMate,3Eb69,r3k2r/pp1nqppp/2p1pn2/8/3P1B2/2N5/PPP1B1QN/R6K b kq - 0 18,e8c8 g2c6 b7c6 e2a6,1012,96,73,1596,bodenMate master masterVsMaster mate mateIn2 middlegame queensideAttack sacrifice short,https://lichess.org/HbAAr0hJ/black#36,Scandinavian_Defense Scandinavian_Defense_Main_Line,
bodenMate,bodenMate,4X2zF,rn2k1n1/ppp2pp1/8/2b5/6bq/8/PPPPP1BP/RNBQ1K1R w q - 2 10,d1e1 h4f6 g2f3 g4h3,1959,81,93,175254,bodenMate mate mateIn2 opening pin short,https://lichess.org/AAB2PNoH#19,Bird_Opening Bird_Opening_Froms_Gambit,1706545791601
bodenMate,bodenMate,5q3op,2kr1b1r/pp1n1p1b/2p1p3/6p1/3P4/1P3N1P/P3B1PB/R1R3K1 b - - 1 18,f8g7 c1c6 b7c6 e2a6,1116,83,89,2284,bodenMate mate mateIn2 middlegame queensideAttack sacrifice short,https://lichess.org/xhT7Z8vP/black#36,Scandinavian_Defense Scandinavian_Defense_Modern_Variation,
bodenMate,bodenMate,706N9,r3kbnr/p1p2ppp/1p1p1B2/8/2BpP3/1n3N1P/PPP2PP1/R3K2R b KQkq - 0 11,b3a1 c4b5 c7c6 b5c6,1113,75,100,749,bodenMate mate mateIn2 middlegame short,https://lichess.org/nqvAspRY/black#22,Philidor_Defense Philidor_Defense_Other_variations,
bodenMate,bodenMate,8RLTA,2kr3r/pp1n1ppp/2pB1n2/3p4/3P4/P2BP3/1P2bPPP/2RQK2R b K - 0 15,e2d1 c1c6 b7c6 d3a6,1022,96,79,2902,bodenMate mate mateIn2 middlegame queensideAttack sacrifice short,https://lichess.org/fDiiyytm/black#30,Queens_Gambit_Declined Queens_Gambit_Declined_Exchange_Variation,
bodenMate,bodenMate,9hAv2,2r3k1/p3bpp1/6b1/1rqp4/5Q2/2P4P/PP1NBP2/2KR3R w - - 0 27,e2b5 c5c3 b2c3 e7a3,1435,95,92,21186,bodenMate clearance mate mateIn2 middlegame queensideAttack sacrifice short,https://lichess.org/i6QFXOaT#53,,
bodenMate,bodenMate,BJugQ,r2qrk2/ppp1n1pp/5Q2/3Bn3/2P1P3/P6P/1P1B2P1/R4RK1 b - - 0 18,g7f6 d2h6,1581,83,94,8239,bodenMate mate mateIn1 middlegame oneMove,https://lichess.org/0S9p7H0P/black#36,Queens_Gambit_Declined Queens_Gambit_Declined_Albin_Countergambit,
bodenMate,bodenMate,DthMC,2kr3r/pp1n1p1p/2p1p1pP/3n4/QP1P4/2PB2B1/P4Pq1/R3KR2 b Q - 3 20,a7a6 a4c6 b7c6 d3a6,1402,93,85,4455,bodenMate deflection mate mateIn2 middlegame queensideAttack sacrifice short,https://lichess.org/uhfyk1Sm/black#40,,
bodenMate,bodenMate,FntWf,r3k1nr/pp1n1p2/2p1p3/8/3q1B2/3B1Q2/PP4PP/1R3R1K b kq - 3 18,e8c8 f3c6 b7c6 d3a6,1393,90,83,1878,bodenMate mate mateIn2 middlegame queensideAttack sacrifice short,https://lichess.org/pe4ZA1JV/black#36,Queens_Gambit_Declined Queens_Gambit_Declined_Baltic_Defense,
bodenMate,bodenMate,GnKHv,rn2nr1k/pp2bppp/2p3b1/q2pP3/5B1P/2P2NQ1/PP1N1PP1/2KR1B1R w - - 1 15,h4h5 a5c3 b2c3 e7a3,1218,87,88,9576,bodenMate master mate mateIn2 opening queensideAttack sacrifice short,https://lichess.org/Hx1ca2Wv#29,Horwitz_Defense Horwitz_Defense_Other_variations,
bodenMate,bodenMate,HwWn8,2kr1bnr/pp1nqppp/2p1P3/8/2Q2Bb1/2N2N2/PPP3PP/R3KB1R b KQ - 0 12,g4e6 c4c6 b7c6 f1a6,1084,86,86,4124,bodenMate clearance mate mateIn2 opening queensideAttack sacrifice short,https://lichess.org/jCitXSYD/black#24,Vienna_Game Vienna_Game_Vienna_Gambit,
bodenMate,bodenMate,KL5Ct,1k4r1/ppb2p2/3qpp2/1b1p3p/3P3P/4PNr1/PP1N1P2/2RQK1R1 w - - 0 23,f2g3 d6g3 g1g3 c7g3,1207,77,90,9353,bodenMate mate mateIn2 middlegame sacrifice short,https://lichess.org/eAq1YFva#45,,
bodenMate,bodenMate,Lwojg,2rqk2r/pp1n1pp1/3Bpn1p/3p4/3P4/1PbB1N2/P3QPPP/R3R1K1 b k - 1 15,c3a1 e2e6 f7e6 d3g6,1359,80,89,3392,bodenMate mate mateIn2 middlegame sacrifice short,https://lichess.org/uNZGvG6I/black#30,Queens_Pawn_Game Queens_Pawn_Game_Accelerated_London_System,
bodenMate,bodenMate,NkKnT,2kr3r/pp1n2bp/1qR1Q3/8/3P4/3B2B1/P5PP/6K1 b - - 0 25,b6c6 e6c6 b7c6 d3a6,1109,77,95,4571,bodenMate mate mateIn2 middlegame short,https://lichess.org/4AgDdNBB/black#50,,
bodenMate,bodenMate,PrrJG,2r2rk1/p4npp/3bR3/8/8/2Pb1B1N/PP1N1PPP/2KR4 w - - 1 23,f3d5 c8c3 b2c3 d6a3,1051,86,89,7838,bodenMate mate mateIn2 middlegame queensideAttack sacrifice short,https://lichess.org/4kc4OEAu#45,,
bodenMate,bodenMate,ROSAQ,r3r1k1/pp5p/3b2p1/3P1b2/2PP4/2N1qP2/PP1N2Q1/2KR3R w - - 1 22,g2g1 e3c3 b2c3 d6a3,1263,77,92,2745,bodenMate mate mateIn2 middlegame queensideAttack sacrifice short,https://lichess.org/s7Cg0Ebe#43,,
bodenMate,bodenMate,T7TgV,r3k2r/pp1n1pp1/1qpBpn1p/8/3P4/1QPB1PP1/PP3P2/R3K2R b KQkq - 4 13,a8d8 b3e6 f7e6 d3g6,1133,81,88,8939,bodenMate mate mateIn2 middlegame sacrifice short,https://lichess.org/ibqcfK2j/black#26,Caro-Kann_Defense Caro-Kann_Defense_Two_Knights_Attack,
bodenMate,bodenMate,UbTFr,2kr3r/pp1n1ppp/1qpBpn2/8/PPBP4/5Q2/2P2PPP/R4RK1 b - - 0 14,b6d4 f3c6 b7c6 c4a6,1270,81,89,1677,bodenMate mate mateIn2 middlegame queensideAttack sacrifice short,https://lichess.org/22WX6Rwo/black#28,Scandinavian_Defense Scandinavian_Defense_Main_Line,
bodenMate,bodenMate,Vs10n,4rr1k/pp3pp1/3b1qb1/3p4/8/2PQ1PN1/PP1N2PP/2KR3R w - - 0 18,d3d5 f6c3 b2c3 d6a3,1162,79,90,3422,bodenMate mate mateIn2 middlegame queensideAttack sacrifice short,https://lichess.org/nZR2rA28#35,French_Defense French_Defense_Exchange_Variation,
bodenMate,bodenMate,WzBg0,2kr2nr/pp1n1bb1/2pR3p/6p1/8/2N3B1/PPP1BPPP/R5K1 b - - 3 15,g8f6 d6c6 b7c6 e2a6,1328,78,93,6828,bodenMate mate mateIn2 middlegame queensideAttack sacrifice short,https://lichess.org/8OQUd5ec/black#30,Scandinavian_Defense Scandinavian_Defense_Anderssen_Counterattack,
bodenMate,bodenMate,Xr5Kf,2kr1bnr/pp1nq2b/2p1pppp/8/2BP1BN1/5QN1/PPP2PPP/R3K2R b KQ - 7 14,f8g7 f3c6 b7c6 c4a6,1022,85,84,1133,bodenMate mate mateIn2 middlegame queensideAttack sacrifice short,https://lichess.org/W7fFZq4W/black#28,Caro-Kann_Defense Caro-Kann_Defense_Classical_Variation,
bodenMate,bodenMate,ZIDD5,r2q1r2/pp1b1kpQ/2n1pbBp/3p3P/8/4BN2/PP3PP1/2R2RK1 b - - 3 19,f7e7 e3c5,1309,90,80,2037,bodenMate master mate mateIn1 middlegame oneMove,https://lichess.org/oQFkO7tD/black#38,,
bodenMate,bodenMate,ao75f,2kr3r/ppp1bppp/2n1p1b1/q7/2BP2P1/2n1B2P/PP1NQP2/1NKR3R w - - 0 15,b1c3 a5c3 b2c3 e7a3,1871,78,94,8322,bodenMate master mate mateIn2 middlegame queensideAttack sacrifice short,https://lichess.org/StcjjTig#29,Scandinavian_Defense Scandinavian_Defense_Main_Line,
bodenMate,bodenMate,cWDI9,2kr3r/pp3pp1/1np1bnq1/4B3/4P2b/1PQ4P/P1PNBP2/2KR3R b - - 4 18,b6d7 c3c6 b7c6 e2a6,1029,95,83,3938,bodenMate mate mateIn2 middlegame queensideAttack sacrifice short,https://lichess.org/9jww4sRj/black#36,Philidor_Defense Philidor_Defense_Other_variations,
bodenMate,bodenMate,dlolk,r3k2r/pp1n1ppp/2pBpn2/8/2B5/2qP1Q1P/P1P2PP1/R4RK1 b kq - 1 13,e8c8 f3c6 b7c6 c4a6,1073,87,87,1783,bodenMate mate mateIn2 middlegame queensideAttack sacrifice short,https://lichess.org/GBkWyrv1/black#26,Scandinavian_Defense Scandinavian_Defense_Main_Line,
bodenMate,bodenMate,fbPTi,2r1k2r/pp2bpp1/4p2p/3p4/3PbBP1/2P2N1P/PP3P2/2KRR3 w k - 1 17,f3d2 c8c3 b2c3 e7a3,1026,92,86,1170,bodenMate mate mateIn2 middlegame queensideAttack sacrifice short,https://lichess.org/jmvEmH0G#33,Caro-Kann_Defense Caro-Kann_Defense_Karpov_Variation,
bodenMate,bodenMate,gYbdq,2k3r1/p1p2p1p/2p5/2b1Pb2/5B2/2Pr2P1/PP1N3P/2KR3R w - - 2 17,h1e1 d3c3 b2c3 c5a3,1208,77,93,3474,bodenMate mate mateIn2 middlegame queensideAttack sacrifice short,https://lichess.org/09ZGZqqb#33,Petrovs_Defense Petrovs_Defense_Damiano_Variation,
bodenMate,bodenMate,hslvH,3bk2r/3n1p2/1p1Qp1p1/pP2P3/4BP2/B3K1Pp/6qP/8 b k - 1 33,g2h2 d6e6 f7e6 e4g6,2128,83,95,17179,bodenMate deflection mate mateIn2 middlegame sacrifice short,https://lichess.org/hE5hlgvd/black#66,,
bodenMate,bodenMate,jauuu,5rk1/p4pbp/1p3qp1/2p5/8/BBP2nPb/P2PP2P/R2Q2KR w - - 0 18,e2f3 f6d4 c3d4 g7d4,1502,88,89,11792,bodenMate kingsideAttack mate mateIn2 middlegame sacrifice short,https://lichess.org/uAPVbgs0#35,English_Opening English_Opening_Kings_English_Variation,
bodenMate,bodenMate,lcyI6,2r4r/1p1kbp1p/p3pp2/3p4/3Pb1P1/1NP2N1P/PP3P2/2KR3R w - - 5 17,b3d2 c8c3 b2c3 e7a3,1330,83,85,952,bodenMate mate mateIn2 middlegame queensideAttack sacrifice short,https://lichess.org/F9oPwHAH#33,Caro-Kann_Defense Caro-Kann_Defense_Other_variations,
bodenMate,bodenMate,nQaAz,2r4r/pp1n2pk/3b1n1p/4pb2/8/2P1B1Q1/PP1N1PPP/2KR3R w - - 6 15,h2h3 c8c3 b2c3 d6a3,1122,78,92,3670,bodenMate mate mateIn2 middlegame queensideAttack sacrifice short,https://lichess.org/pDB0nTdh#29,Zukertort_Opening Zukertort_Opening_Tennison_Gambit,
bodenMate,bodenMate,obIPZ,2kr1b1r/pp1npp1p/1qp1bp2/8/3P1B1N/5Q2/PPP2PPP/1R2KB1R b K - 9 12,b6d4 f3c6 b7c6 f1a6,1374,95,71,737,bodenMate mate mateIn2 opening queensideAttack sacrifice short,https://lichess.org/t37sz0iw/black#24,Scandinavian_Defense Scandinavian_Defense_Main_Line,
bodenMate,bodenMate,pjE5C,r1b1qknr/pppp2pp/2n2b2/5Q2/2BpP3/8/PPP2PPP/RNB2RK1 b - - 7 9,g8e7 f5f6 g7f6 c1h6,1069,78,92,3245,bodenMate mate mateIn2 opening sacrifice short,https://lichess.org/H8s2ihVf/black#18,Scotch_Game Scotch_Game_Other_variations,
bodenMate,bodenMate,qlDPb,2kr1b1r/pp1nqp2/2p1pn1p/5p2/3P1B1P/2N5/PPP2PQ1/2KR1BR1 b - - 1 18,h8g8 g2c6 b7c6 f1a6,1276,81,93,6078,bodenMate mate mateIn2 opening queensideAttack sacrifice short,https://lichess.org/wHm8OvXQ/black#36,Scandinavian_Defense Scandinavian_Defense_Gubinsky-Melts_Defense,
bodenMate,bodenMate,rzQ38,2kr3r/pp1nbpp1/2pqpn1p/8/3P1BP1/P1NB1Q1P/1PP2P2/2KR3R b - - 1 13,d6d4 f3c6 b7c6 d3a6,1123,90,81,1435,bodenMate mate mateIn2 middlegame queensideAttack sacrifice short,https://lichess.org/i9Vipqme/black#26,Scandinavian_Defense Scandinavian_Defense_Gubinsky-Melts_Defense,
bodenMate,bodenMate,svWT7,2kr4/pp3p2/1npbp1b1/q6p/3P3P/1BP2N2/PP2QP2/2KR3R w - - 2 19,f3d2 a5c3 b2c3 d6a3,1369,89,90,9699,bodenMate mate mateIn2 middlegame queensideAttack sacrifice short,https://lichess.org/Ia0kPryd#37,,
bodenMate,bodenMate,u0h81,2kr1bnr/pp1n1pp1/2p5/5q1p/Q1BP4/2N2PB1/PP3P1P/R4RK1 b - - 1 13,h5h4 a4c6 b7c6 c4a6,1305,83,87,6556,bodenMate mate mateIn2 middlegame queensideAttack sacrifice short,https://lichess.org/PYPyDIpq/black#26,French_Defense French_Defense_Steiner_Variation,
bodenMate,bodenMate,wCDM0,rnR4r/3k1ppp/3b1n2/1b1p4/1p5P/1B1qBN2/P2N1PP1/3QK2R w K - 4 20,c8h8 d3e3 f2e3 d6g3,1282,93,85,917,bodenMate mate mateIn2 middlegame sacrifice short,https://lichess.org/IimzywS5#39,,
doubleBishopMate,doubleBishopMate,02dgL,r1bq1r1k/p2n3p/2p1B1pQ/3p2B1/4p3/2P5/P1P4P/R3K2R b KQ - 0 20,d8a5 h6f8 d7f8 g5f6,1526,84,89,1426,doubleBishopMate kingsideAttack mate mateIn2 middlegame sacrifice short,https://lichess.org/iU4zGAwe/black#40,,
doubleBishopMate,doubleBishopMate,20H7r,r2qkb1r/p1p1p1p1/3p1n1p/1N1P4/Q1P2Bb1/3B1P2/PP5P/R3K2R b KQkq - 0 13,g4d7 d3g6,1449,87,89,1018,doubleBishopMate mate mateIn1 middlegame oneMove,https://lichess.org/2S6O60Lp/black#26,Dutch_Defense Dutch_Defense_Other_variations,
doubleBishopMate,doubleBishopMate,3RUBz,rnbk3r/pppp1BRp/8/6Q1/4n3/5N1q/PB2KP1P/R7 b - - 1 13,e4g5 b2f6,1342,94,85,1465,doubleBishopMate mate mateIn1 middlegame oneMove,https://lichess.org/qF0Qdh2y/black#26,Danish_Gambit_Accepted Danish_Gambit_Accepted_Copenhagen_Defense,
doubleBishopMate,doubleBishopMate,50ter,2r4k/1b1n3p/p3p1pB/1p1pP1Q1/6B1/Pn6/1P2Nb1P/1R5K w - - 0 29,g5e7 d5d4 g4f3 b7f3,1006,78,91,1264,discoveredAttack discoveredCheck doubleBishopMate kingsideAttack mate mateIn2 middlegame short,https://lichess.org/CcEnmJbd#57,,
doubleBishopMate,doubleBishopMate,69L1I,7k/p1p3bp/1p6/2n1p1p1/2B5/2P2rB1/P6P/3R2K1 b - - 0 31,f3c3 d1d8 g7f8 g3e5,1243,100,87,7674,deflection doubleBishopMate endgame mate mateIn2 pin short,https://lichess.org/YGH5n8FO/black#62,,
doubleBishopMate,doubleBishopMate,7OSxU,2r2r1k/7p/1q1P4/pp4p1/8/PB4B1/1PR4P/2R4K b - - 4 32,c8c2 g3e5 f8f6 e5f6,1110,85,100,1042,doubleBishopMate endgame mate mateIn2 short,https://lichess.org/yhP6H6dB/black#64,,
doubleBishopMate,doubleBishopMate,8B1EB,8/1p1B4/8/3b2k1/P4Bpp/4K3/r6P/8 b - - 1 48,g5h5 d7e8 d5f7 e8f7,1145,89,85,835,doubleBishopMate endgame mate mateIn2 short,https://lichess.org/HtYBWcww/black#96,,
doubleBishopMate,doubleBishopMate,9VPTm,r6k/pbpp1B1p/1p1b4/6Bp/8/8/PPP2PPP/2K1R3 b - - 0 23,b7g2 g5f6,1035,93,81,1004,doubleBishopMate endgame mate mateIn1 oneMove,https://lichess.org/eWCQ7uCe/black#46,,
doubleBishopMate,doubleBishopMate,AtupX,r1b1kb1r/pp1n1ppp/1qp1p3/6B1/1P1PQ3/2PB1N2/P4PPP/R3K2R b KQkq - 1 11,h7h6 e4e6 f7e6 d3g6,1541,83,90,1927,clearance doubleBishopMate mate mateIn2 middlegame sacrifice short,https://lichess.org/QnZTkm2g/black#22,Caro-Kann_Defense Caro-Kann_Defense_Two_Knights_Attack,
doubleBishopMate,doubleBishopMate,C689J,8/8/8/KP1kN3/P2b1B2/6P1/4b2P/8 w - - 11 44,b5b6 d4c3,1293,98,85,1428,doubleBishopMate endgame mate mateIn1 oneMove,https://lichess.org/e3RD3Ir2#87,,
doubleBishopMate,doubleBishopMate,DIWsb,7k/7p/4B3/2P3b1/3PK3/2r1p1BP/6P1/8 b - - 1 47,e3e2 g3e5 g5f6 e5f6,1138,115,83,778,doubleBishopMate endgame mate mateIn2 short,https://lichess.org/zjTtZtwu/black#94,,
doubleBishopMate,doubleBishopMate,EOZct,r4r1k/p1p4p/1p3pp1/3BQb2/3B2P1/3q4/P6P/5RK1 b - - 0 22,a8e8 e5f6 f8f6 d4f6,1445,89,86,5148,doubleBishopMate mate mateIn2 middlegame sacrifice short,https://lichess.org/pgPpYcDJ/black#44,,
doubleBishopMate,doubleBishopMate,GTRbR,r1b4k/ppp2Bbp/1nQ1p1p1/6B1/8/P1N5/1q3PPP/3RR1K1 b - - 0 20,b7c6 d1d8 g7f8 g5f6,1402,91,87,5923,doubleBishopMate kingsideAttack mate mateIn2 middlegame pin short,https://lichess.org/WmjYaDbJ/black#40,,
doubleBishopMate,doubleBishopMate,Htqyq,3q1rk1/5pp1/1p5p/1P1BP3/3b1P2/2Nb2P1/R2B3P/R6K w - - 1 31,a2a8 d8d5 c3d5 d3e4,1477,85,87,6923,doubleBishopMate kingsideAttack mate mateIn2 middlegame sacrifice short,https://lichess.org/Xm2zaHik#61,,
doubleBishopMate,doubleBishopMate,JlwKx,r3q2k/ppp4p/3pB1p1/3PbRB1/2P1Q3/6P1/PP4KP/8 b - - 0 23,g6f5 e4e5 d6e5 g5f6,1472,89,89,9002,doubleBishopMate endgame kingsideAttack mate mateIn2 sacrifice short,https://lichess.org/ZlSKr2s0/black#46,,
doubleBishopMate,doubleBishopMate,KgVQc,6k1/pp3ppp/2p5/8/2Pb1Pb1/1B1n2P1/PP1B3P/3N3K w - - 5 28,d2c3 g4f3,1236,94,86,743,doubleBishopMate endgame mate mateIn1 oneMove,https://lichess.org/jdxvP1UV#55,,
doubleBishopMate,doubleBishopMate,LuQLy,r4r1k/1p3B1p/p1b1p1p1/8/6P1/B7/P6P/5RK1 b - - 0 25,c6d5 a3b2 e6e5 b2e5,1039,86,100,1308,doubleBishopMate endgame mate mateIn2 short,https://lichess.org/UT0nlIUD/black#50,,
doubleBishopMate,doubleBishopMate,NrN0p,8/6kp/2p1b3/6PP/2P1N2K/2bPB3/8/8 w - - 7 50,e4d6 c3e1 e3f2 e1f2,1312,95,84,909,doubleBishopMate endgame mate mateIn2 short,https://lichess.org/FgWDgl3J#99,,
doubleBishopMate,doubleBishopMate,PuqUk,r3k1nr/pBp2ppp/3b4/4q3/8/2N3Pb/PPPBP2P/R2QK2R w KQkq - 1 12,b7a8 e5g3 h2g3 d6g3,1039,78,93,673,doubleBishopMate mate mateIn2 middlegame sacrifice short,https://lichess.org/BRTFjFf6#23,Englund_Gambit Englund_Gambit_Other_variations,
doubleBishopMate,doubleBishopMate,QtxRD,2r1kb1r/3p2p1/p3pB1p/np6/8/5b2/PPB2PPP/R2QR1K1 b k - 0 19,f3d1 c2g6,1512,88,90,3397,doubleBishopMate mate mateIn1 middlegame oneMove,https://lichess.org/AybYK102/black#38,,
doubleBishopMate,doubleBishopMate,SbTZL,r4r1k/1b4p1/pb5p/1p2Pq2/3P1p2/1N3P1Q/P6P/R3R1BK w - - 2 32,h3f5 b7f3,1059,87,84,1475,doubleBishopMate kingsideAttack mate mateIn1 middlegame oneMove,https://lichess.org/MS9pqC6h#63,,
doubleBishopMate,doubleBishopMate,U0jbr,rnbqkbnr/p1ppp3/1p3p2/6p1/3P3p/3BP1B1/PPP2PPP/RN1QK1NR b KQkq - 1 6,h8h6 d1h5 h6h5 d3g6,1409,84,91,1632,doubleBishopMate mate mateIn2 opening sacrifice short,https://lichess.org/s8M8xlBx/black#12,English_Defense English_Defense_Other_variations,
doubleBishopMate,doubleBishopMate,VLKMw,rn2k2r/pp2bppp/2p5/3P4/2P2Pb1/8/PP1B2PP/R3KBNR w KQkq - 0 11,h2h3 e7h4 g2g3 h4g3,1040,76,100,892,doubleBishopMate mate mateIn2 middlegame short,https://lichess.org/ei0LmOCU#21,Kings_Gambit_Declined Kings_Gambit_Declined_Falkbeer_Countergambit,
doubleBishopMate,doubleBishopMate,X5szt,4r1k1/2p2ppp/p1P2n2/1pb5/6b1/NBP2qQ1/PP1P2PP/R1B4K w - - 0 17,g2f3 e8e1 g3e1 g4f3,1439,82,90,1308,deflection doubleBishopMate kingsideAttack mate mateIn2 middlegame sacrifice short,https://lichess.org/FoJc2Eil#33,Ruy_Lopez Ruy_Lopez_Marshall_Attack,
doubleBishopMate,doubleBishopMate,Z9nh3,r3kb1r/p2n1pp1/1pp1p3/q2P2B1/2P4p/3B4/P1P1QP1P/R2K2R1 b kq - 0 18,c6d5 e2e6 f7e6 d3g6,1344,88,93,8651,doubleBishopMate mate mateIn2 middlegame sacrifice short,https://lichess.org/lFFg5OXs/black#36,Owen_Defense Owen_Defense_Other_variations,
doubleBishopMate,doubleBishopMate,awfAA,3r1b1r/p1RP1ppp/k4n2/8/2N5/6B1/P1b1PPPP/4KBNR w K - 5 15,c4a3 f8b4 c7c3 b4c3,1160,107,86,1558,doubleBishopMate fork mate mateIn2 middlegame short,https://lichess.org/cFGETNeu#29,Englund_Gambit Englund_Gambit_Other_variations,
doubleBishopMate,doubleBishopMate,cqns1,r3kb1r/1p1n1pp1/1qp1p2p/2P4n/p2P3B/3B1N2/PP2QPP1/1K1R3R b kq - 0 17,b6c7 e2e6 f7e6 d3g6,1321,92,88,3102,doubleBishopMate mate mateIn2 middlegame sacrifice short,https://lichess.org/dBNOqeHR/black#34,Caro-Kann_Defense Caro-Kann_Defense_Classical_Variation,
doubleBishopMate,doubleBishopMate,eRy59,6k1/pb1P2p1/1p4p1/2p1P3/8/1P2brP1/PB5P/4R2K w - - 0 30,d7d8q f3f8 d8d5 b7d5,1461,89,88,11957,discoveredAttack discoveredCheck doubleBishopMate endgame mate mateIn2 short,https://lichess.org/ssK1vora#59,,
doubleBishopMate,doubleBishopMate,fi5qn,r3kb1r/pp1nppp1/1qp4p/3p4/2P4B/3B3Q/PP3PPP/3R1RK1 b kq - 0 13,e7e6 h3e6 f7e6 d3g6,1293,99,72,817,doubleBishopMate master masterVsMaster mate mateIn2 middlegame sacrifice short,https://lichess.org/shIy1kHR/black#26,Richter-Veresov_Attack Richter-Veresov_Attack_Other_variations,
doubleBishopMate,doubleBishopMate,gtIe2,r3k2r/pp3ppp/2p5/2bPP2b/Q4Bq1/2PB4/PP4KP/RN3R2 w kq - 1 15,g2h1 g4f3 f1f3 h5f3,1466,85,86,5136,doubleBishopMate kingsideAttack mate mateIn2 middlegame sacrifice short,https://lichess.org/RrE359Xq#29,Kings_Gambit_Accepted Kings_Gambit_Accepted_MacLeod_Defense,
doubleBishopMate,doubleBishopMate,hvrip,4rk1r/pR3ppp/2Q5/3N1P1b/5B2/6P1/4NbBP/q6K w - - 1 25,e2c1 e8e1 g2f1 h5f3,1744,86,91,12289,doubleBishopMate kingsideAttack mate mateIn2 middlegame pin short,https://lichess.org/wSxYebcN#49,,
doubleBishopMate,doubleBishopMate,ib4rQ,8/8/k3B3/pp2Np2/7P/2PKB1P1/P5q1/8 b - - 7 46,g2g3 e6c8,1047,78,93,661,doubleBishopMate endgame mate mateIn1 oneMove,https://lichess.org/qq0Szn2n/black#92,,
doubleBishopMate,doubleBishopMate,kWDWJ,r3kb1r/3n1pp1/p3NB1p/3b4/Pp3q2/3B3Q/1PP2PPP/R4RK1 b kq - 0 17,d5e6 h3e6 f7e6 d3g6,1516,82,89,4609,doubleBishopMate mate mateIn2 middlegame sacrifice short,https://lichess.org/tZig6nfh/black#34,Sicilian_Defense Sicilian_Defense_Kan_Variation,
doubleBishopMate,doubleBishopMate,kxMjO,8/p3k3/b5pp/5p2/2P3P1/1B2p3/P3Rb1P/7K w - - 0 30,g4f5 a6b7,1023,96,80,1108,doubleBishopMate endgame mate mateIn1 oneMove,https://lichess.org/70hht0vI#59,,
doubleBishopMate,doubleBishopMate,mM5om,5R2/p5p1/Pkppr3/1p1b2B1/2nP2B1/2P5/8/3K4 b - - 6 37,e6g6 g5d8 b6a6 g4c8,1524,85,92,2661,doubleBishopMate endgame mate mateIn2 short,https://lichess.org/ScqceusC/black#74,,
doubleBishopMate,doubleBishopMate,oECO0,r1b1kb1r/pp1n1pp1/1qp1p2p/8/3PQ2B/3B1N2/P1P2PPP/R3R1K1 b kq - 1 12,b6c7 e4e6 f7e6 d3g6,1439,87,87,2126,clearance doubleBishopMate mate mateIn2 middlegame sacrifice short,https://lichess.org/ISEbVpwA/black#24,Caro-Kann_Defense Caro-Kann_Defense_Main_Line,
doubleBishopMate,doubleBishopMate,qFeDD,8/7R/2p5/3bNPk1/4p3/8/1B3b1P/7K w - - 1 39,b2c1 e4e3 e5f3 d5f3,1518,90,92,18512,discoveredAttack discoveredCheck doubleBishopMate endgame mate mateIn2 short,https://lichess.org/9zmfHJiG#77,,
doubleBishopMate,doubleBishopMate,sgDhx,2r2b1k/7p/1B4p1/P2B4/K2Rp1b1/1P4n1/2P5/4R3 w - - 4 36,c2c4 g4d7 d5c6 d7c6,1447,89,88,2092,doubleBishopMate mate mateIn2 middlegame short,https://lichess.org/Elq94lZi#71,,
doubleBishopMate,doubleBishopMate,vJMjO,Q6r/p3kppp/b3p3/2b5/3q4/2P5/P5PP/R1B3KR w - - 0 19,c3d4 c5d4 c1e3 d4e3,1242,98,83,995,doubleBishopMate fork mate mateIn2 middlegame short,https://lichess.org/nHVZ39wg#37,,
doubleBishopMate,doubleBishopMate,wymey,4R3/p4p2/3b1k1p/1B1b2p1/3N4/5PqP/PP4P1/6BK w - - 4 30,d4e2 g3h3 g2h3 d5f3,1864,82,78,972,deflection doubleBishopMate mate mateIn2 middlegame sacrifice short,https://lichess.org/lAnUroud#59,,
dovetailMate,dovetailMate,00j1r,8/2rkb3/1p6/6P1/5q2/3R4/Q1P1K3/8 b - - 4 37,d7c6 a2d5,1568,82,88,4898,dovetailMate endgame mate mateIn1 oneMove,https://lichess.org/2Nj3D5mV/black#74,,
dovetailMate,dovetailMate,1DTs4,2k3r1/ppp5/4b2Q/4p3/1P1N3p/P2P3q/4P3/R4RK1 w - - 4 30,g1f2 h3g3,1415,76,94,3816,dovetailMate mate mateIn1 middlegame oneMove,https://lichess.org/QJgBRCBV#59,,
dovetailMate,dovetailMate,2jSfL,4Q3/8/3p2kp/3P2p1/1P3q2/P7/3r2P1/6K1 b - - 6 50,g6f5 e8e6,1173,76,95,3539,dovetailMate endgame mate mateIn1 oneMove,https://lichess.org/SUGdXBIz/black#100,,
dovetailMate,dovetailMate,44nyB,6k1/p1p2p1p/2Q3p1/8/1b1qP3/1PR2P2/P1p3PP/5K2 w - - 6 31,c3c2 d4d1 f1f2 d1e1,1544,83,91,6945,dovetailMate endgame mate mateIn2 short,https://lichess.org/EqgVB9MU#61,,
dovetailMate,dovetailMate,5SkA2,8/4n2R/3k2p1/3Pp3/R7/1QK1q3/PP6/8 w - - 7 42,c3b4 e3c5,1341,84,87,1340,dovetailMate endgame mate mateIn1 oneMove,https://lichess.org/WGmFpIzY#83,,
dovetailMate,dovetailMate,6gCEt,5rk1/p2Q1pp1/1p2p3/3pP3/3P1K1P/2P3R1/PP3q2/8 w - - 7 49,f4g4 f2f5,1173,77,96,5039,dovetailMate endgame master mate mateIn1 oneMove,https://lichess.org/i39HicqY#97,,
dovetailMate,dovetailMate,8l3Xq,8/5pkp/2P3p1/p2Q4/P2KP3/8/1q3P2/8 w - - 3 45,d4c5 b2b4,1044,75,100,647,dovetailMate endgame mate mateIn1 oneMove queenEndgame,https://lichess.org/FGVf7iO8#89,,
dovetailMate,dovetailMate,AJe0r,r7/p1p5/bp1kpQ2/2bP2Np/7P/P3P1P1/1P3P2/R1BK1q2 w - - 3 25,d1c2 f1d3,1222,77,94,1330,dovetailMate mate mateIn1 middlegame oneMove,https://lichess.org/IBhrGnu9#49,,
dovetailMate,dovetailMate,BogQ9,2R5/5p1k/1p4pp/8/1q3B2/6P1/P1Q4P/3rrR1K w - - 0 30,f1e1 b4e1 h1g2 e1f1,1682,77,96,5351,dovetailMate endgame mate mateIn2 short,https://lichess.org/4ROguVlP#59,,
dovetailMate,dovetailMate,DDWmR,8/6Q1/1P1kq1p1/3p4/4b3/6PP/1R3p1K/8 b - - 1 59,f2f1q g7c7,1196,88,94,1076,dovetailMate endgame mate mateIn1 oneMove,https://lichess.org/Qv6G1jx5/black#118,,
dovetailMate,dovetailMate,ESFN7,3r2k1/p4pp1/7p/1Q6/5r1P/PB1K4/2P2q2/1R5R w - - 5 30,d3c3 f2d4,1486,81,83,1356,dovetailMate mate mateIn1 middlegame oneMove,https://lichess.org/Gpn2HoPn#59,,
dovetailMate,dovetailMate,GEGjS,5r1k/4Q1bp/6p1/1pR1P3/3P1p2/6BP/1P4PK/5q2 w - - 0 38,c5c7 f4g3 h2g3 f1f4,1283,80,93,4824,attraction dovetailMate endgame mate mateIn2 short,https://lichess.org/IQbwObLB#75,,
dovetailMate,dovetailMate,I240S,rnQ2bnr/p1p1k1pp/2b5/2q3p1/8/2N5/PPP2PPP/2K1RB1R b - - 1 15,e7f7 c8e6,1400,79,87,1724,dovetailMate mate mateIn1 oneMove opening,https://lichess.org/C8Gcuin1/black#30,Elephant_Gambit Elephant_Gambit_Other_variations,
dovetailMate,dovetailMate,JvCQL,6k1/6pp/q1p2p2/P1Bp4/1P1Nr3/2Q4P/5KP1/8 w - - 3 36,f2f3 a6f1 f3g3 f1f4,1382,77,94,1234,dovetailMate endgame mate mateIn2 short,https://lichess.org/5PD3ca68#71,,
dovetailMate,dovetailMate,LJq7D,5rk1/1rp1p3/7Q/1qPp3P/3P3b/1p2PP2/1P1N4/2K3R1 b - - 4 27,g8f7 h6g6,1388,80,94,984,dovetailMate mate mateIn1 middlegame oneMove,https://lichess.org/oWnPheF1/black#54,,
dovetailMate,dovetailMate,MwuyV,8/1Q6/P2p4/K2Pp1k1/4P1p1/2q5/8/8 w - - 8 70,a5b6 c3c5,1635,74,100,2664,dovetailMate endgame master mate mateIn1 oneMove queenEndgame,https://lichess.org/BPANJ35Z#139,,
dovetailMate,dovetailMate,OXsbN,8/ppQ2qk1/2p2Bp1/3p3p/3P4/2P2P2/PP4K1/8 b - - 0 38,g7f6 c7e5,1375,80,94,7852,dovetailMate endgame master mate mateIn1 oneMove queenEndgame,https://lichess.org/YLyukWn0/black#76,,
dovetailMate,dovetailMate,QI2N0,8/p4p1p/6p1/1Q1p1k2/3Pq3/P3P2P/1P3PPK/2r5 b - - 0 36,e4c2 b5d5 f5f6 d5e5,1330,76,95,15523,dovetailMate endgame mate mateIn2 short,https://lichess.org/jg4Y4WGt/black#72,,
dovetailMate,dovetailMate,RwNyx,7Q/ppk5/2p1qnp1/6B1/2P1p1B1/7P/Pb3P2/6K1 b - - 4 30,f6g4 h8d8,1168,77,94,1677,dovetailMate endgame mate mateIn1 oneMove,https://lichess.org/qLgA5mXs/black#60,,
dovetailMate,dovetailMate,TTYz0,8/1p6/p1k1Q3/3pPp2/3P4/PP6/7K/4q3 b - - 0 48,c6b5 e6d5 b5b6 d5c5,1636,80,93,1151,dovetailMate endgame mate mateIn2 queenEndgame short,https://lichess.org/KCK55GX5/black#96,,
dovetailMate,dovetailMate,VABwf,r1k5/ppp2Q2/3p4/8/2R2nP1/2P2P2/P4Kq1/1R6 w - - 6 38,f2e3 g2e2 e3f4 e2e5,1703,74,97,4634,dovetailMate endgame mate mateIn2 sacrifice short,https://lichess.org/D7OWvSTB#75,,
dovetailMate,dovetailMate,WjAg3,2k5/pp4p1/2p5/3p1q1p/3P3Q/2P1RrP1/PP4K1/5R2 b - - 2 32,f3f1 e3e8 c8c7 h4d8,1612,75,98,1831,dovetailMate endgame mate mateIn2 short,https://lichess.org/dQbuWsK2/black#64,,
dovetailMate,dovetailMate,Y4HKf,8/1P5p/3pBk2/1qpPr3/8/6P1/2Q4P/6K1 w - - 5 48,c2h7 e5e1 g1g2 b5f1,1523,81,94,1341,dovetailMate endgame mate mateIn2 short,https://lichess.org/mbDRI5Mr#95,,
dovetailMate,dovetailMate,ZlHip,7k/6p1/p2P3p/1p2Q3/4K3/7P/PP2q3/8 w - - 3 44,e4d5 e2c4,1152,76,94,1687,dovetailMate endgame master mate mateIn1 oneMove queenEndgame,https://lichess.org/b4kOoGvI#87,,
dovetailMate,dovetailMate,bhQWf,8/8/7p/P2Q1p2/8/8/3p1kPK/4q3 b - - 7 53,f2e2 d5f3,1488,75,96,5662,dovetailMate endgame master mate mateIn1 oneMove queenEndgame,https://lichess.org/7PxN2lZ1/black#106,,
dovetailMate,dovetailMate,cmByt,2r3k1/pp3pp1/8/4Q3/7R/1q2P1P1/1P3PP1/4K3 w - - 0 28,h4g4 c8c1 e1e2 b3d1,1378,76,82,735,dovetailMate endgame mate mateIn2 short,https://lichess.org/qKLKztuv#55,,
dovetailMate,dovetailMate,dueDv,1k3r2/ppp3pp/2np4/3P4/3P4/P1P1q3/2Q4P/1R3KR1 w - - 2 21,f1g2 e3f3,1252,76,100,981,dovetailMate endgame mate mateIn1 oneMove,https://lichess.org/oCkBcnyp#41,,
dovetailMate,dovetailMate,fGAF7,rn3b1r/ppq2kpp/2p5/8/3NQ3/2N5/PPPP1PPP/R1B3K1 b - - 0 14,b8d7 e4e6,1153,75,95,1024,dovetailMate mate mateIn1 middlegame oneMove,https://lichess.org/lTJ1NmeY/black#28,Scandinavian_Defense Scandinavian_Defense_Mieses-Kotroc_Variation,
dovetailMate,dovetailMate,gk8BL,3r2k1/Q1p2p1p/6p1/4q3/8/5P1P/PPR3PK/8 w - - 2 34,h2g1 d8d1 g1f2 e5e1,1181,76,96,8183,dovetailMate endgame mate mateIn2 short,https://lichess.org/AYdQsibs#67,,
dovetailMate,dovetailMate,i8W6P,6k1/1pp1rbpp/p2q1pn1/3p1BP1/3P1PQ1/2n4N/1KP4P/3R1R2 w - - 0 24,b2c3 d6a3 c3d2 a3e3,1907,80,91,3869,dovetailMate mate mateIn2 middlegame short,https://lichess.org/mHsv6CS2#47,,
dovetailMate,dovetailMate,jZh2f,8/2Q2pkp/5Rp1/p2p4/P2P4/b1P3PP/2q2PK1/8 b - - 0 32,g7f6 c7e5,1189,77,95,16679,dovetailMate endgame mate mateIn1 oneMove,https://lichess.org/yXtV3Z5G/black#64,,
dovetailMate,dovetailMate,kvZ5r,1k2R3/p4p2/Qpp2pp1/3r4/3q4/7P/PPP5/2K5 b - - 3 31,b8c7 a6a7 c7d6 a7e7,1986,76,93,7686,dovetailMate endgame mate mateIn2 short,https://lichess.org/TnJww3sy/black#62,,
dovetailMate,dovetailMate,mStc1,Q7/p1pR4/1p3rkp/2b3p1/2P2p2/1P5P/P1q1rPPB/5RK1 b - - 5 26,e2f2 a8e8 f6f7 e8f7,2085,76,93,2885,dovetailMate mate mateIn2 middlegame short,https://lichess.org/PIpgfNbw/black#52,,
dovetailMate,dovetailMate,oETGw,1k1r4/pp3R2/7p/4P3/5P2/1Q6/PPPKBq2/8 w - - 5 29,d2c3 f2d4,1489,88,88,4860,dovetailMate endgame mate mateIn1 oneMove,https://lichess.org/3fL72u5t#57,,
dovetailMate,dovetailMate,ptA8t,8/3B1pk1/2P2bp1/2Q5/4PP2/6P1/2R3KP/rq6 w - - 3 43,e4e5 b1f1,1413,77,93,9264,dovetailMate endgame master mate mateIn1 oneMove,https://lichess.org/myxOpSrv#85,,
dovetailMate,dovetailMate,rSwdZ,5rk1/5Rpp/p1p5/3p4/3P2Q1/6P1/q4P1P/4R1K1 b - - 0 25,g8f7 g4e6,1261,76,95,1253,dovetailMate endgame mate mateIn1 oneMove,https://lichess.org/e3lhENcM/black#50,,
dovetailMate,dovetailMate,tDIUG,r1b5/pp4Q1/1kp2Q2/4p2p/2q5/7P/P3KP2/6R1 w - - 4 26,e2f3 c4d3 f3g2 d3h3,1703,75,96,24466,dovetailMate endgame mate mateIn2 short,https://lichess.org/hpxcsIiY#51,,
dovetailMate,dovetailMate,uU83m,rn1q2nr/pbpkp3/1p4Qb/3p2Bp/3P4/3BP3/PPP2PPP/RN2K2R b KQ - 3 10,h6g5 d3f5 e7e6 g6e6,1613,78,94,2666,dovetailMate mate mateIn2 opening short,https://lichess.org/T8IsfcgE/black#20,English_Defense English_Defense_Other_variations,
dovetailMate,dovetailMate,vke2A,8/p6k/7p/6p1/6q1/3PK3/PP1R4/4R3 w - - 0 36,e1e2 g4f4,1162,75,99,1981,dovetailMate endgame mate mateIn1 oneMove queenRookEndgame,https://lichess.org/ykngF3Z4#71,,
dovetailMate,dovetailMate,xbp4m,8/pp4p1/3q3p/3k4/6Q1/1P5P/P1P2KP1/4rB2 b - - 8 41,e1e5 g4c4,1192,101,86,848,dovetailMate endgame master mate mateIn1 oneMove,https://lichess.org/OWoRFc00/black#82,,
smotheredMate,smotheredMate,00pER,r2q1rk1/4N1bp/p2p2p1/2p3N1/Pp4P1/1Q5P/1P1n1P2/5RK1 b - - 0 21,g8h8 b3g8 f8g8 g5f7,1529,86,87,8890,kingsideAttack mate mateIn2 middlegame sacrifice short smotheredMate,https://lichess.org/cQjDrt9I/black#42,,
smotheredMate,smotheredMate,1VExN,r3kb1r/pp1bpp1p/2n3p1/1q1P1n2/4N3/5N1P/PP3PP1/R1BQR1K1 b kq - 0 14,c6d8 e4f6,1652,83,87,3903,mate mateIn1 oneMove opening pin smotheredMate,https://lichess.org/l5aniYnx/black#28,Sicilian_Defense Sicilian_Defense_Old_Sicilian,
smotheredMate,smotheredMate,37Mb9,r2qr1k1/ppp2Qpp/1bn5/4N3/2BP2b1/2P3B1/PP1N2PP/R4nK1 b - - 0 15,g8h8 f7g8 e8g8 e5f7,1391,81,89,4190,kingsideAttack mate mateIn2 middlegame sacrifice short smotheredMate,https://lichess.org/JtcHMtxJ/black#30,Kings_Gambit_Accepted Kings_Gambit_Accepted_MacLeod_Defense,
smotheredMate,smotheredMate,4ryPO,r2qkb1r/pp1nnppp/4p1b1/1NppP3/3P2P1/3B1N1P/PPPBQP2/R3K2R b KQkq - 1 11,g6d3 b5d6,1140,76,93,1449,mate mateIn1 middlegame oneMove smotheredMate,https://lichess.org/zbvJ4859/black#22,Caro-Kann_Defense Caro-Kann_Defense_Advance_Variation,
smotheredMate,smotheredMate,6GuJz,rnbqkb1r/pp1pnppp/4p3/1N6/4PB2/8/PP3PPP/R2QKBNR b KQkq - 3 6,b8a6 b5d6,1124,76,95,4311,mate mateIn1 oneMove opening smotheredMate,https://lichess.org/Mvvn1lLD/black#12,Sicilian_Defense Sicilian_Defense_Smith-Morra_Gambit_Accepted,
smotheredMate,smotheredMate,7kuAS,r2qkbnr/1p1n1p2/p1p1p1pp/4P3/2pPN3/4BB2/PP1Q1P2/2R1K1R1 b kq - 5 15,g8e7 e4d6,1181,77,100,1187,mate mateIn1 middlegame oneMove smotheredMate,https://lichess.org/yoGMhAkJ/black#30,Caro-Kann_Defense Caro-Kann_Defense_Advance_Variation,
smotheredMate,smotheredMate,9ChTT,rn1R3k/2p3pp/1p2q3/p1p1N2r/8/P1B1P2P/1PP2PP1/5RK1 b - - 1 20,e6g8 e5f7,1245,77,94,1801,mate mateIn1 middlegame oneMove pin smotheredMate,https://lichess.org/L12xtGot/black#40,,
smotheredMate,smotheredMate,AnEBR,B1bk3r/2p2ppp/p7/2bp4/4n3/8/PPPP1qPP/RNBQR2K w - - 1 12,d2d3 f2g1 e1g1 e4f2,1379,77,90,1920,kingsideAttack mate mateIn2 middlegame sacrifice short smotheredMate,https://lichess.org/OuLcjAv6#23,Ruy_Lopez Ruy_Lopez_Open,
smotheredMate,smotheredMate,CEqUU,1r1q2rk/ppp3b1/2n1Pnb1/6N1/7Q/4B2P/PP3PP1/R3R1K1 b - - 2 24,f6h7 h4h7 g6h7 g5f7,1569,84,89,3412,kingsideAttack mate mateIn2 middlegame sacrifice short smotheredMate,https://lichess.org/SaHuishI/black#48,,
smotheredMate,smotheredMate,DuAa8,5rk1/5ppp/p3p3/2p5/1pNn4/2nP2QP/PPq2PB1/K2R3R w - - 2 23,d1c1 c2b1 c1b1 d4c2,1339,78,87,3720,mate mateIn2 middlegame sacrifice short smotheredMate,https://lichess.org/sF9EuX7S#45,,
smotheredMate,smotheredMate,FXdh5,5rk1/p5pn/bp2Q2N/2pP4/2P2P2/2P4P/3q2P1/4R1K1 b - - 0 25,g8h8 e6g8 f8g8 h6f7,1308,91,85,749,mate mateIn2 middlegame sacrifice short smotheredMate,https://lichess.org/aXddAvPM/black#50,,
smotheredMate,smotheredMate,GwkTJ,r4rk1/pp3ppp/1qp2b2/5N2/5P2/7n/PPP3PP/R1BQ1RK1 w - - 7 21,g1h1 b6g1 f1g1 h3f2,1395,89,75,939,kingsideAttack mate mateIn2 middlegame sacrifice short smotheredMate,https://lichess.org/mBJ7NdIu#41,,
smotheredMate,smotheredMate,IlxL8,3r3k/p4Qpp/5b1N/8/3pP3/3q2PP/PPr2P2/5RK1 b - - 1 27,d3e4 f7g8 d8g8 h6f7,1314,79,89,758,mate mateIn2 middlegame sacrifice short smotheredMate,https://lichess.org/NjpKzmze/black#54,,
smotheredMate,smotheredMate,KXaaW,r1b1kb1r/pp1npppp/2p2n2/qN6/3p4/1R1B1N1P/P1PBQPP1/4K2R b Kkq - 1 12,a5d8 b5d6,1007,78,100,832,mate mateIn1 middlegame oneMove pin smotheredMate,https://lichess.org/amkpolfd/black#24,Czech_Defense Czech_Defense_Other_variations,
smotheredMate,smotheredMate,MLI04,2r2r1k/4B1bp/p3Q1p1/qp3pN1/8/1BN5/P4PPP/2n3K1 b - - 0 26,a5c3 e6g8 f8g8 g5f7,1617,84,82,5114,kingsideAttack mate mateIn2 middlegame sacrifice short smotheredMate,https://lichess.org/Ljx3OZF2/black#52,,
smotheredMate,smotheredMate,NqQjQ,r2qkb1r/pp1npppp/2p2n2/5b2/4N3/2N3P1/PPPPQP1P/R1B1KB1R b KQkq - 0 7,h7h5 e4d6,1349,90,83,1222,mate mateIn1 oneMove opening pin smotheredMate,https://lichess.org/k91FJmvC/black#14,Zukertort_Opening Zukertort_Opening_Tennison_Gambit,
smotheredMate,smotheredMate,PKmqU,r6k/5Qpp/3qB3/p2nN3/3P4/P1p5/2P3PP/6K1 b - - 0 26,d5f6 f7g8 f6g8 e5f7,1394,95,83,2000,endgame mate mateIn2 sacrifice short smotheredMate,https://lichess.org/t0ybycMN/black#52,,
smotheredMate,smotheredMate,Qupjm,3rkbnr/2Bnqppp/p7/1pp3P1/Q3N2P/8/PPP2P2/2K1R1NR b k - 1 15,b5a4 e4d6,1124,76,97,3757,mate mateIn1 oneMove opening pin smotheredMate,https://lichess.org/wRdIv5fN/black#30,Grob_Opening Grob_Opening_Spike_Attack,
smotheredMate,smotheredMate,SQREa,rnqkQ1r1/pbppb1p1/1p1Np2p/3nP3/8/2N5/PPP2PPP/R1B1KB1R b KQ - 10 14,g8e8 d6f7,1089,94,92,1998,mate mateIn1 oneMove opening smotheredMate,https://lichess.org/ZYCONXwm/black#28,French_Defense French_Defense_Normal_Variation,
smotheredMate,smotheredMate,U9ovR,r3kb1r/pp1npppp/2p2n2/qN3b2/2BP4/8/PPPBQPPP/R3K1NR b KQkq - 7 8,a5d8 b5d6,1172,76,80,503,mate mateIn1 oneMove opening pin smotheredMate,https://lichess.org/mG3Hyoeu/black#16,Scandinavian_Defense Scandinavian_Defense_Main_Line,
smotheredMate,smotheredMate,VlS0N,r4rk1/bp1q1p2/2ppbn1p/1P2p1p1/2P1PnP1/3P3P/1B1NBP2/R2QKN1R w KQ - 0 18,b5c6 f4g2,1147,76,86,1128,mate mateIn1 middlegame oneMove smotheredMate,https://lichess.org/AhocDE2j#35,Kings_Knight_Opening Kings_Knight_Opening_Normal_Variation,
smotheredMate,smotheredMate,XIzMi,r3Q1kr/1bpn1ppp/1pN5/p2q1p2/3B1R2/6P1/PPP4P/4R1K1 b - - 3 24,a8e8 e1e8 d7f8 c6e7,1107,86,90,780,kingsideAttack mate mateIn2 middlegame short smotheredMate,https://lichess.org/YUI2bcbn/black#48,,
smotheredMate,smotheredMate,YbBxo,2r3k1/3Q1pPp/p2p4/3Pp3/2P1P3/3nqn2/P5PP/1R1R1r1K w - - 2 32,d1f1 e3g1 f1g1 d3f2,1486,87,87,2110,kingsideAttack mate mateIn2 middlegame sacrifice short smotheredMate,https://lichess.org/mVLrAFq5#63,,
smotheredMate,smotheredMate,ZvCzr,r1bqkb1r/1pn1np2/4p1p1/pN1pP2p/3P4/3BBN2/PP3PPP/R2Q1RK1 b kq - 1 11,c8d7 b5d6,1065,78,94,1881,mate mateIn1 middlegame oneMove smotheredMate,https://lichess.org/84absJld/black#22,Caro-Kann_Defense Caro-Kann_Defense_Other_variations,
smotheredMate,smotheredMate,bbQuN,r2qkb1r/pbppnp2/1pn4p/3NP1N1/2B4B/8/PPP2PPP/R2QK2R b KQkq - 0 12,h6g5 d5f6,1187,81,90,545,mate mateIn1 oneMove opening smotheredMate,https://lichess.org/vWqsVFPX/black#24,English_Defense English_Defense_Other_variations,
smotheredMate,smotheredMate,dDjnN,r2qkb1r/pp1npppp/2p2n2/8/2B1N3/7P/PPPPQPP1/R1B1K2R b KQkq - 4 8,g7g6 e4d6,1408,86,70,682,mate mateIn1 oneMove opening pin smotheredMate,https://lichess.org/9WYi3tOe/black#16,Caro-Kann_Defense Caro-Kann_Defense_Two_Knights_Attack,
smotheredMate,smotheredMate,eqjSn,5rk1/1p4bp/2p1Q1pN/p1q5/4P3/1Pp3P1/P5KP/R7 b - - 3 26,g8h8 e6g8 f8g8 h6f7,1597,76,100,2853,endgame mate mateIn2 sacrifice short smotheredMate,https://lichess.org/WcvKfJPr/black#52,,
smotheredMate,smotheredMate,gajRl,1nkrq2r/pbpp2p1/1pN4p/2Pn1p2/1B6/P2B4/1P3PPP/R2QR1K1 b - - 1 17,e8g6 c6a7,1729,80,90,7223,mate mateIn1 middlegame oneMove queensideAttack smotheredMate,https://lichess.org/xZImXJwo/black#34,French_Defense French_Defense_Knight_Variation,
smotheredMate,smotheredMate,i9JoA,1r3Nk1/5pp1/1pR4p/p2p4/P2Pn3/3QP3/1P2NqPP/2R1b2K w - - 2 25,f8d7 f2f1 e2g1 e4f2,1717,78,94,12438,kingsideAttack mate mateIn2 middlegame short smotheredMate,https://lichess.org/uP1hh020#49,,
smotheredMate,smotheredMate,jjNNk,r1bqkb1r/1p1pnppp/p1n1p3/4P3/2B1N3/5N2/PP3PPP/R1BQK2R b KQkq - 2 8,c6e5 e4d6,1363,75,88,3313,mate mateIn1 oneMove opening smotheredMate,https://lichess.org/H7A2mk60/black#16,Sicilian_Defense Sicilian_Defense_Smith-Morra_Gambit_Accepted,
smotheredMate,smotheredMate,l8vI7,4r2k/6qp/6p1/1BQ2p2/6n1/1P6/2PP2PP/R6K w - - 1 30,b5e8 g7a1 c5g1 g4f2,1245,82,93,3161,endgame hangingPiece mate mateIn2 pin short smotheredMate,https://lichess.org/TmDe1Bgc#59,,
smotheredMate,smotheredMate,mr5Kd,2kr3r/1ppb1pb1/2n1p2p/1N4p1/1qQP4/4PNP1/4BPP1/R4K1R b - - 1 17,b4c4 a1a8 c6b8 b5a7,1398,87,85,2156,mate mateIn2 middlegame queensideAttack short smotheredMate,https://lichess.org/IYFiAANm/black#34,Queens_Gambit_Declined Queens_Gambit_Declined_Capablanca_Variation,
smotheredMate,smotheredMate,oJGjR,k1Rrqr2/pp4pp/N4n2/4Qp2/1P6/P7/5PPP/5RK1 b - - 12 25,d8c8 e5b8 c8b8 a6c7,1382,82,93,3659,mate mateIn2 middlegame queensideAttack sacrifice short smotheredMate,https://lichess.org/sHIUjoVi/black#50,,
smotheredMate,smotheredMate,pfR7Y,3r1r1k/pb4pp/4Q3/1pqnNp2/4p3/1BP1P1PP/PP4P1/R4RK1 b - - 2 22,d5e3 e6g8 f8g8 e5f7,1489,86,83,1347,kingsideAttack mate mateIn2 middlegame sacrifice short smotheredMate,https://lichess.org/aKqbI3u0/black#44,,
smotheredMate,smotheredMate,r8vLv,r4r1k/ppp3pp/1qnp4/3Q2N1/2BP1pb1/P7/1PP2PPP/2KR3R b - - 3 17,g4d1 d5g8 f8g8 g5f7,1393,86,82,1542,kingsideAttack mate mateIn2 middlegame sacrifice short smotheredMate,https://lichess.org/Q8n36tg3/black#34,Duras_Gambit Duras_Gambit_Other_variations,
smotheredMate,smotheredMate,sXSOt,r1bqkbr1/ppppnp1p/2n3p1/1B1NB3/4P3/5N2/PP3PPP/R2QK2R b KQq - 4 10,c6e5 d5f6,1342,85,84,797,mate mateIn1 oneMove opening smotheredMate,https://lichess.org/mwCU5pIW/black#20,Ruy_Lopez Ruy_Lopez_Fianchetto_Defense,
smotheredMate,smotheredMate,trj2M,r2qkb1r/1b1pnp1p/ppnB2p1/3N4/8/8/PPP1QPPP/R3KBNR b KQkq - 2 10,c6d4 d5f6,1261,84,88,1186,mate mateIn1 oneMove opening smotheredMate,https://lichess.org/B7GfXMNy/black#20,Owen_Defense Owen_Defense_Other_variations,
smotheredMate,smotheredMate,vV1F0,r1b1k2r/1p1pbpp1/p7/2p4p/2PqPB2/P1NP3n/1P2B1PP/R2Q1RK1 w kq - 7 16,g1h1 d4g1 f1g1 h3f2,1384,88,73,830,kingsideAttack mate mateIn2 opening sacrifice short smotheredMate,https://lichess.org/5HZDOa7p#31,Bird_Opening Bird_Opening_Other_variations,
smotheredMate,smotheredMate,wxBl4,r2r2k1/p1p2pp1/2p1b2p/2qpP3/5P2/P2B3n/1PPB2PP/R2Q1RK1 w - - 9 20,g1h1 c5g1 f1g1 h3f2,1445,81,91,2231,kingsideAttack mate mateIn2 middlegame sacrifice short smotheredMate,https://lichess.org/8gPeKHEu#39,,
smotheredMate,smotheredMate,yAq71,r4rk1/p5pp/4Q2N/2pP4/5p2/2q4P/P4PP1/5RK1 b - - 9 30,g8h8 e6g8 f8g8 h6f7,1236,87,85,2125,endgame mate mateIn2 sacrifice short smotheredMate,https://lichess.org/Ct2dDBFA/black#60,,
